Abysmal Knight;79;Shadow 4;Large;36140;2150;55;50;8469;6268;A;Abysmal Knight Card, Blade Lost in Darkness, Broad Sword (2 slots), Elunium, Lance, Lord's Clothes (1 slot), Oridecon, Reins
Alarm;58;Normal 3;Medium;10647;600;15;15;3624;2240;AH;Clip, Key of Clock Tower, Magnifier, Needle of Alarm, Oridecon, Skull, Zargon
Alice;62;Normal 2;Medium;10000;700;5;5;3583;2400;A;Alice's Apron, Apple, Crystal Pumps, Flower Band, Old Broom, Rouge, Yellow Potion
Alligator;42;Water 1;Medium;6962;360;2;5;1379;866;D;Anolian Skin, Rough Oridecon, Worn-out Prison Uniform, Yggdrasil Seed, Zargon
Ambernite;13;Water 1;Large;495;46;30;0;52;36;D;Ambernite Card, Crystal Blue, Garlet, Iron Ore, Rough Elunium, Shell, Snail's Shell, Solid Shell
Anacondaq;23;Poison 1;Medium;1109;157;0;0;300;149;D;Anacondaq Card, Emveretarcon, Glaive (3 slots), Rough Oridecon, Scale Shell, Snake Scale, Venom Canine, Yellow Herb
Andre;17;Earth 1;Small;688;71;10;0;109;71;LS;Andre Card, Garlet, Green Live, Iron Ore, Rough Elunium, Star Dust, Sticky Mucus, Worm Peeling
Angeling;20;Holy 4;Medium;55000;195;0;70;163;144;LAO;Angel Wing, Angelring Card, Emperium, Heaven Ring, Scapulare (1 slot), White Potion, Yggdrasil Leaf
Anolian;63;Water 3;Medium;18960;760;15;15;3980;2890;AH;Anolian Skin, Brooch (1 slot), Crystal Arrow, Oridecon, Red Scarf, Royal Jelly, Solid Shell, Sticky Mucus, White Potion
Ant Egg;4;Normal 3;Small;420;2;20;20;5;4;IP;Andre Egg Card, Empty Bottle, Iron Ore, Jellopy, Phracon, Shell, Sticky Mucus
Antonio;10;Holy 1;Medium;10;20;1;1;3;2; ;Candy, Candy Cane, Gift Box, Piece of Cake, Red Socks with Holes, Santa Hat, Well-baked Cookie
Archer Skeleton;31;Undead 1;Medium;3040;153;6;12;440;278;AR;Apple o' Archer, Archer Skeleton Card, Bow (3 slots), Fire Arrow, Great Bow (3 slots), Red Potion, Rough Oridecon, Skel-Bone
Arclouse;59;Earth 2;Small;6075;550;10;15;860;1000;AH;Great Nature, Red Gemstone, Round Shell, Solid Shell, Sticky Mucus, Zargon
Argiope;41;Poison 1;Large;4382;480;30;0;1633;829;A;Amethyst, Argiope Card, Boots (1 slot), Bug Leg, Green Herb, Rough Elunium, Zargon
Argos;25;Poison 1;Large;1117;191;15;0;353;171;A;Argos Card, Bark Shorts, Bug Leg, Cobweb, Green Herb, Rough Elunium, Scell, Yellow Herb
Aster;18;Water 1;Small;1372;64;0;10;122;78;D;Apple, Coral Reef, Single Cell, Sticky Mucus, Yellow Herb, Zargon
Baphomet;81;Shadow 3;Large;568000;4040;35;45;107250;37895;AOMH;Baphomet Card, Baphomet Doll, Clip, Crescent Scythe, Elunium, Emperium, Evil Horn, Majestic Goat, Old Purple Box, Oridecon, Yggdrasil Berry
Baphomet Jr;50;Shadow 1;Small;8578;590;15;25;2706;1480;A;Bapho Jr. Card, Boots (1 slot), Evil Horn, Hallberd (2 slots), Oridecon, Yellow Potion, Yggdrasil Berry, Yggdrasil Leaf
Bathory;44;Shadow 1;Medium;5415;398;0;60;2503;1034;A;Arc Wand (2 slots), Bathory Card, Old Broom, Old Magicbook, Star Crumb, Star Dust, Witched Starsand, Wizard Hat
Bigfoot;25;Earth 1;Large;1619;220;10;0;310;188;D;Animal Skin, Bear's Footskin, Bigfoot Card, Honey, Poo Poo Hat, Puppet, Rough Oridecon, Sweet Potato
Black Mushroom;1;Earth 1;Small;15;2;99;0;0;0;IP;Alcohol, Crystal Blue, Detrimindexta, Dew Laden Moss, Feather, Mushroom Spore
Bloody Knight;82;Shadow 4;Large;57870;3030;60;50;10120;6820;AR;Brigan, Elunium, Full Plate (1 slot), Helm (1 slot), Katzbalger, Oridecon, Shield (1 slot)
Blue Plant;1;Earth 1;Small;10;2;99;0;0;0;IP;Blue Herb, Flower, Grape, Mastela Fruit, Pointed Scale, Romantic Leaf, Shoot, Stem
Boa;15;Earth 1;Medium;471;55;0;0;72;48; ;Emveretarcon, Katana (4 slots), Red Herb, Shining Scale, Snake Card, Snake Scale, Venom Canine
Bongun;32;Undead 2;Medium;3520;260;10;5;424;242;A;Amulet, Ninja Suit, Old Portrait, OR Potion, Short Daenggie, Worn Out Scroll, Yellow Herb
Brilight;46;Fire 1;Small;5562;383;30;5;1660;1210;A;Butterfly Wing, Glitter Shell, Rough Elunium, White Herb, Wind of Verdure, Yggdrasil Leaf, Zargon
Caramel;23;Earth 1;Small;1424;112;5;5;264;162;D;Animal Skin, Caramel Card, Coat (1 slot), Glaive (3 slots), Pike (4 slots), Porcupine Quill, Spear (4 slots)
Carat;51;Wind 2;Medium;5200;417;0;25;1926;1353;A;Brigan, Highheels, Ice Cream, Joker Jester, White Potion
Chepet;42;Fire 1;Medium;4950;440;0;25;1518;946;A;Apple, Matchstick, OR Potion, Ragamuffin Manteau, Red Scarf, Unripe Apple, Zargon
Chimera;70;Fire 3;Large;32600;1320;30;10;4950;3000;A;Berserk Potion, Brigan, Great Axe, Horrendous Hair, Oridecon, White Potion
Choco;43;Fire 1;Small;4278;382;5;5;1265;1265;A;Banana, Banana Juice, Claw of Monkey, Elunium, Tropical Banana, Yggdrasil Berry, Yoyo Card, Yoyo Tail
Chonchon;4;Wind 1;Small;67;13;10;0;5;4; ;Chonchon Card, Chonchon Doll, Cutter (4 slots), Fly Wing, Iron, Iron Ore, Jellopy, Shell
Clock;60;Earth 2;Medium;11050;909;15;10;3101;2641;DH;Berserk Potion, Elunium, Key of Clock Tower, Key of Underground, Needle of Alarm, Trunk, White Potion
Coco;17;Earth 1;Small;817;67;0;0;109;71;D;Acorn, Animal Skin, Coco Card, Fluff, Hood (1 slot), Sandals (1 slot), Sweet Potato
Condor;5;Wind 1;Medium;92;14;0;0;6;5;S;Arrow, Bow (4 slots), Condor Card, Feather of Birds, Meat, Talon, Yellow Gemstone
Cookie;25;Holy 1;Small;950;145;0;25;282;171;S;Candy, Candy Cane, Concentration Potion, Darkgreen Dyestuffs, Emveretarcon, Hood (1 slot), Sandals (1 slot), Star Dust, Well-baked Cookie
Cookie (Xmas);28;Holy 2;Small;2090;170;0;50;419;258; ;Hood, Hood (1 slot), Pearl, Red Herb, Red Potion, Well-baked Cookie, Zargon
Cornutus;23;Water 1;Small;1620;131;30;0;240;149;D;Blue Gemstone, Conch, Cornutus Card, Crystal Blue, Rough Elunium, Scell, Shield (1 slot), Solid Shell
Crab;20;Water 1;Small;2451;81;35;0;163;101; ;Crab Shell, Nipper, Rough Elunium, Star Dust, Stone
Cramp;56;Poison 2;Small;4720;465;0;5;2091;1376;AH;Berserk Potion, Blue Herb, Claw of Rat, Glass Bead, Monster's Feed, Oridecon, Sapphire
Creamy;16;Wind 1;Small;595;64;0;30;96;64; ;Butterfly Wing, Creamy Card, Fancy Flower, Flower, Honey, Powder of Butterfly, Silk Robe (1 slot)
Cruiser;35;Normal 2;Medium;2820;215;5;5;1100;450;AR;Amethyst, Iron, Manacles, Monk Hat, Rough Oridecon, Rough Wind, Scell
Dark Frame;59;Shadow 3;Medium;7500;1210;10;45;3652;3271;A;Brigan, Manteau (1 slot), Red Frame, Star Crumb
Dark Lord;80;Undead 4;Large;340000;3320;30;70;65780;45045;AM;Bone Helm, Bone Wand, Cape of Old Marquess, Elunium, Grimtooth, Mage Coat, Old Purple Box, Oridecon, Skull, Skull Ring
Dark Priest;59;Shadow 4;Medium;28470;370;30;60;3320;2974;A;Blue Potion, Hand of God, Red Gemstone, Rosary
Deniro;19;Earth 1;Small;760;79;15;0;135;85;LS;Andre Card, Garlet, Iron Ore, Red Blood, Rough Elunium, Star Dust, Sticky Mucus, Worm Peeling
Desert Wolf;27;Fire 1;Medium;1716;208;0;10;427;266;A;Animal Skin, Desert Wolf Card, Katar (2 slots), Meat, Mink Coat (1 slot), Rough Oridecon, Stiletto (3 slots), Wolf Claw
Desert Wolf (Puppy);9;Fire 1;Small;164;36;0;0;20;16;S;Adventurer's Suit (1 slot), Animal Skin, Baby Desert Wolf Card, Cotton Shirts (1 slot), Meat, Phracon, Rough Oridecon
Deviace;47;Water 4;Medium;19192;674;10;20;2105;1329; ;Aerial, Ancient Lips, Ancient Tooth, Detrimindexta, Deviace Card, Katar of Cold Icicle, Mystic Frozen, Rough Oridecon
Deviruchi;46;Shadow 1;Small;7360;560;10;25;2421;1163;A;Deviruchi Card, Evil Wing, Hand of God, Little Evil Horn, Little Evil Wing, Partizan (2 slots), Rough Oridecon, Zargon
Dokebi;33;Shadow 1;Small;2697;249;0;10;889;455;D;Club (3 slots), Dokkaebi Card, Dokkaebi Horn, Gold, Hammer of Blacksmith, Mighty Staff, Rough Elunium, Sword Mace (1 slot)
Doppleganger;72;Shadow 3;Medium;149000;1590;60;35;51480;10725;AM;Blue Potion, Broad Sword (2 slots), Cursed Ruby, Doppelganger Card, Elunium, Full Plate (1 slot), Lance, Oridecon, Spiky Band, Zweihander
Dragonfly;8;Wind 1;Small;2400;27;40;0;88;44;AO;Amethyst, Chonchon Card, Chonchon Doll, Clip, Grape Juice, Red Potion, Rusty Iron, Sweet Gent
Drainliar;24;Shadow 2;Small;1162;84;0;0;392;160;A;Drainliar Card, Emveretarcon, Red Herb, Rough Oridecon, Sardonyx, Tooth of Bat, Wing of Red Bat
Drake;70;Undead 1;Medium;28920;2100;20;35;28600;22880;AOM;Amethyst, Corsair, Cutlus, Drake Card, Elunium, Haedonggum (2 slots), Oridecon, Ring pommel Saber (3 slots), Saber (3 slots), White Potion
Drops;3;Fire 1;Medium;55;13;0;0;4;3;L;Apple, Drops Card, Empty Bottle, Jellopy, OR Juice, Poring Doll, Red Herb, Rod (4 slots), Sticky Mucus
Dustiness;21;Wind 2;Small;1044;102;0;10;218;140;D;Dustiness Card, Insect Feeler, Masquerade, Moth Dust, Moth Wings, Red Herb, Star Dust
Earth Petite;44;Earth 1;Medium;6881;427;30;30;1677;1034;A;Aloevera, Dragon Canine, Dragon Tail, Earth Petite Card, Flail (2 slots), Rough Oridecon, White Herb, Zargon
Eclipse;6;Normal 3;Small;1500;26;0;40;60;55;AO;Carrot, Carrot Juice, Cute Ribbon, Four Leaf Clover, Glass Bead, Lunatic Card, Opal, Rainbow Carrot
Eddga;65;Fire 1;Large;152000;1565;15;15;25025;12870;AOM;Eddga Card, Elunium, Fireblend, Flame Heart, Honey, Katar of Raging Blaze, Oridecon, Pipe, Tiger Skin, Tiger's Footskin
Eggyra;24;Ghost 2;Medium;633;107;20;25;215;220;D;Concentration Potion, Egg Shell, Eggyra Card, Pet Incubator, Piece of Egg Shell, Red Herb, Rough Elunium, Scell
Elder Wilow;20;Fire 2;Medium;693;70;10;30;148;92; ;Dead Branch, Elder Willow Card, Red Blood, Resin, Rough Elunium, Sweet Potato, Trunk, Wooden Mail (1 slot)
Evil Druid;58;Undead 4;Large;16506;670;5;60;2890;1827;AH;Amulet, Bible, Biretta (1 slot), Bone Wand, Evil Druid Card, Ragamuffin Manteau, White Herb, Yggdrasil Leaf
Executioner;65;Shadow 4;Large;28980;950;35;35;4730;3536;A;Blade (4 slots), Bloody Edge, Oridecon, Rapier (3 slots), Ring pommel Saber (3 slots), Scimiter (3 slots), Steel
Fabre;2;Earth 1;Small;63;11;0;0;3;2; ;Clover, Club (4 slots), Emerald, Fabre Card, Feather, Fluff, Green Herb
Farmiliar;8;Shadow 1;Small;155;28;0;0;28;15;A;Concentration Potion, Falchion (4 slots), Familiar Card, Fly Wing, Grape, Red Herb, Ribbon (1 slot), Tooth of Bat
Flora;26;Earth 1;Large;2092;273;10;35;357;226;IAR;Aloe, Aloe Leaflet, Flora Card, Maneater Blossom, Singing Flower, Stem, Sunflower, Witherless Rose
Frilldora;30;Fire 1;Medium;2023;239;0;10;481;290;D;Emerald, Frill, Frilldora Card, Red Potion, Reptile Tongue, Rough Elunium, Yellow Gemstone, Zargon
Gargoyle;48;Wind 3;Medium;3950;360;10;10;1500;1500;AR;Bow Thimble, Little Evil Wing, Mute Arrow, Rough Elunium, Zargon
Ghostring;18;Ghost 4;Medium;73300;122;0;60;101;108;AO;Dead Branch, Emperium, Fabric, Ghost Bandana, Ghostring Card, Old Blue Box, Thief Clothes (1 slot)
Ghoul;39;Undead 2;Medium;5118;500;5;20;802;492;A;Ghoul Card, Green Potion, Horrendous Mouth, Memento, Rough Oridecon, Skull Ring, White Herb
Giearth;29;Earth 1;Small;2252;185;10;50;495;301;D;Cap (1 slot), Coal, Elder Pixie's Moustache, Elven Ears, Giearth Card, Great Nature, Star Dust
Goblin (Axe);24;Poison 1;Medium;1036;165;10;5;357;176;A;Buckler (1 slot), Goblin Card, Iron, Red Bandana, Red Potion, Scell, Yellow Herb
Goblin (Dagger);25;Wind 1;Medium;1176;138;10;5;310;188;A;Buckler (1 slot), Dirk (3 slots), Goblin Card, Goblini Mask, Iron, Red Potion, Rough Oridecon, Scell
Goblin (Flail);24;Fire 1;Medium;1034;100;10;5;287;176;A;Buckler (1 slot), Flail (3 slots), Goblin Card, Indian Fillet, Iron, Red Potion, Scell, Yellow Herb
Goblin (Hammer);23;Earth 1;Medium;1359;131;10;5;264;164;A;Buckler (1 slot), Gangster Mask, Goblin Card, Green Live, Iron, Red Potion, Scell, Smasher (3 slots)
Goblin (Morning Star);22;Water 1;Medium;1952;127;10;5;241;152;A;Buckler (1 slot), Goblin Card, Iron, Red Potion, Scell, Wand (3 slots), Yellow Herb
Goblin (Xmas);25;Wind 1;Medium;1176;140;10;5;282;171;A;Buckler (1 slot), Dirk (3 slots), Goblin Card, Goblini Mask, Iron, Rough Oridecon, Santa Hat, Scell
Goblin Archer;28;Poison 1;Small;1750;113;0;0;461;284;AR;Awakening Potion, Composite Bow (4 slots), Goblini Mask, Iron, Oridecon Arrow, Red Potion, Rough Oridecon, Scell
Goblin Steam Rider;35;Wind 2;Medium;2490;269;20;5;864;495;D;Bouquet, Coal, Cyfar, Iron, Rough Elunium, Scell, Steel
Golden Thief Bug;64;Fire 2;Large;126000;1145;60;45;14300;7150;LOM;Elunium, Emperium, Gold, Gold Ring, Golden Bell, Golden Gear, Golden Mace, Golden Thief Bug Card, Ora Ora, Oridecon
Golem;25;Normal 3;Large;3900;187;40;0;465;94;D;Coal, Golem Card, Iron, Rough Elunium, Steel, Stone Heart, Yellow Gemstone, Zargon
Greatest General;40;Fire 2;Medium;3632;400;15;15;1126;684;IA;Amulet, Brigan, Club (4 slots), Stop Post, Trunk, Yellow Potion
Green Plant;1;Earth 1;Small;10;2;99;0;0;0;IP;Aloe, Aloe Leaflet, Bitter Herb, Flower, Green Herb, Pointed Scale, Romantic Leaf, Shoot, Stem
Green Thief Bug;19;Shadow 1;Medium;583;88;15;5;223;93;A;Emveretarcon, Insect Feeler, Katana (4 slots), Male Thief Bug Card, Slayer (3 slots), Worm Peeling, Yellow Herb, Zircon
Gryphon;72;Wind 4;Large;27800;1260;35;35;5896;4400;A;Brigan, Elunium, Guisarme (3 slots), Oridecon, Rough Wind
Hatii;73;Water 4;Large;197000;1900;40;45;50050;20020;AM;Elunium, Fang of Hatii, Ice Falchion, Katar of Cold Icicle, Mystic Frozen, Old Blue Box, Oridecon
High Orc;52;Fire 2;Large;6890;533;15;5;2128;1490;A;Ogre Tooth, OR Potion, Orcish Axe, Orcish Voucher, Rough Oridecon, Steel, Zargon
Hode;26;Earth 2;Medium;2282;177;0;30;357;226; ;Earthworm Peeling, Fat Chubby Earthworm, Foolishness of the Blind, Green Live, Hode Card, Rough Elunium, Star Dust, Sticky Mucus
Horn;18;Earth 1;Medium;659;69;10;0;122;78;D;Emveretarcon, Green Live, Guisarme (3 slots), Horn, Horn Card, Shell, Solid Shell
Hornet;8;Wind 1;Small;169;27;5;5;17;14;S;Bee Sting, Green Herb, Honey, Hornet Card, Jellopy, Main Gauche (4 slots), Wind of Verdure
Horong;34;Fire 4;Small;1939;327;99;50;786;479;A;Alcohol, Baked Yam, Bomb Wick, Fire Arrow, Horong Card, Rough Elunium, Stone Heart, Zargon
Hunter Fly;42;Wind 2;Small;5242;333;25;15;1379;866;A;Damascus (2 slots), Hunter Fly Card, Mini Propeller, Rough Oridecon, Rough Wind, Solid Shell, Steel, Zargon
Hydra;14;Water 2;Small;660;28;0;40;59;40;IAR;Detrimindexta, Emveretarcon, Hydra Card, Meat, Panacea, Sticky Mucus, Tentacle
Injustice;51;Shadow 2;Medium;7600;600;60;29;2118;1488;A;Brigan, Cyfar, Full Plate (1 slot), Jamadhar (1 slot), Padded Armor (1 slot), Steel
Iron Fist;47;Normal 3;Medium;4221;590;40;5;1435;1520;A;Elunium, Iron, Iron Ore, Rough Elunium, Steel
Isis;43;Shadow 1;Large;4828;507;10;35;2396;993;A;2carat Diamond, 3carat Diamond, Circlet (1 slot), Cracked Diamond, Isis Card, Necklace, Scale Shell, Shining Scale
Jakk;38;Fire 2;Medium;3581;382;5;30;1113;688;A;Elunium, Jack o' Pumpkin, Jakk Card, Necklace of Oblivion, Pumkin, Tights (1 slot), Zargon
Joker;57;Wind 4;Large;12450;738;10;35;3706;2362;AH;Contracts in Shadows, Joker Card, Katar of Piercing Wind, Old Card Album, OR Potion, Oridecon, Zargon
Khalitzburg;63;Undead 1;Large;19276;1025;45;10;3981;2501;AH;Bone Helm, Chivalry Emblem, Elunium, Khalitzburg Card, Mirror Shield (1 slot), Saber (3 slots), Skel-Bone, White Potion
Kobold (Axe);36;Wind 2;Medium;3893;318;15;10;988;625;A;Blue Hair, Buckler (1 slot), Cobold Card, Gladius (3 slots), Rough Elunium, Steel, Zargon
Kobold (Hammer);31;Poison 2;Medium;2179;324;15;10;806;407;A;Blue Hair, Buckler (1 slot), Cobold Card, Guard, OR Potion, Steel, Zargon
Kobold (Morning Star);31;Fire 2;Medium;2179;216;15;10;644;407;A;Blue Hair, Buckler (1 slot), Cobold Card, OR Potion, Red Blood, Steel, Zargon
Kobold Archer;33;Fire 1;Small;2560;185;10;5;739;455;AR;Blue Hair, Cross Bow (3 slots), Poison Arrow, Rough Oridecon, Steel, Zargon
Kukre;11;Water 1;Small;507;37;15;0;38;28;L;Crystal Blue, Earthworm the Dude, Garlet, Insect Feeler, Kukre Card, Monster's Feed, Red Herb, Worm Peeling
Lunatic;3;Normal 3;Small;60;12;0;20;6;2; ;Apple, Carrot, Clover, Feather, Lunatic Card, Pierrot Nose, Rainbow Carrot, Sword (4 slots)
Magnolia;26;Water 1;Small;3195;151;5;30;393;248;L;Black Ladle, Garlet, Magnolia Card, Old Frying Pan, Scell, Yellow Herb, Zargon
Mandragora;12;Earth 3;Medium;405;35;0;25;45;32;IAR;Four Leaf Clover, Green Herb, Green Live, Mandragora Card, Shoot, Spear (4 slots), Stem
Mantis;26;Earth 1;Medium;2472;149;10;0;357;226;A;Emerald, Green Live, Mantis Card, Mantis Scythe, Red Potion, Rough Elunium, Scell, Solid Shell
Marc;36;Water 2;Medium;6900;280;5;10;988;625;A;Aquamarine, Blue Gemstone, Fin, Gill, Marc Card, Mystic Frozen, Rough Oridecon, White Herb
Marduk;40;Fire 1;Large;4214;382;0;60;1238;752;A;Book of Devil, Celebrant's Mitten, Cultish Masque, Flame Heart, Marduk Card, Old Magicbook, Staff (3 slots), Wand of Occult
Marin;15;Water 1;Medium;742;43;0;10;66;44; ;Aquamarine, Blue Herb, Candy, Garlet, Poring Card, Sticky Mucus
Marina;21;Water 2;Small;2087;106;0;5;218;140; ;Blue Gemstone, Crystal Blue, Deadly Noxious Herb, Marina Card, Mystic Frozen, Single Cell, Sticky Mucus
Marine Sphere;28;Water 1;Small;3518;320;0;40;461;284;IP;Aquamarine, Blue Gemstone, Chain (3 slots), Detonator, Marine Sphere Card, Tendon, Transparent Head Protector
Marionette;41;Ghost 3;Small;3222;422;0;25;1078;1276;A;Awakening Potion, Brooch, Chain (3 slots), Crystal Pumps, Golden Hair, Marionette Card, Necklace of Oblivion, Star Dust
Marse;31;Water 2;Small;5034;252;0;5;586;370;D;Aquamarine, Awakening Potion, Blue Gemstone, Mars Card, Mystic Frozen, Necklace of Wisdom, Squid Ink, Tentacle
Martin;18;Earth 2;Small;1109;63;0;5;134;86; ;Battered Pot, Goggles (1 slot), Jur (3 slots), Martin Card, Mole Claw, Mole Whiskers, Safety Helmet
Mastering;2;Water 1;Medium;2415;24;0;10;30;10;AO;Apple, Apple Juice, Pearl, Poring Card, Snow Horn, Unripe Apple
Matyr;31;Shadow 1;Medium;2585;160;15;18;967;407;A;Animal Skin, Awakening Potion, Matyr Card, Matyr's Leash, Monster's Feed, Pet Food, Rough Elunium
Maya;81;Earth 4;Large;169000;2070;60;25;42900;17875;AOM;1carat Diamond, Armlet of Obedience, Elunium, Maya Card, Mother's Nightmare, Old Blue Box, Old Purple Box, Oridecon, Queen's Hair Ornament, Safety Ring, Tiara
Megalith;45;Normal 2;Large;5300;314;50;25;1758;1075;AR;Elunium, Old Purple Box, Rough Elunium, Stone, Zargon
Megalodon;24;Undead 1;Medium;1648;188;0;15;196;120; ;Amethyst, Blue Gemstone, Blue Herb, Megalodon Card, Old Blue Box, Rotten Fish, Skel-Bone, Stinky Scale
Merman;53;Water 2;Medium;12300;603;10;35;3345;2054;A;Ancient Lips, Aquamarine, Berserk Potion, Holy Water, Mystic Frozen, Rough Oridecon, Trident
Metaller;22;Fire 1;Medium;926;159;15;30;219;138;LS;Grasshopper's Leg, Metaller Card, Red Blood, Rough Elunium, Scell, Shell, Singing Plant
Mimic;51;Normal 3;Medium;6120;900;10;40;165;165;AH;Diver Goggles, Emperium, Magnifier, Old Blue Box, Old Purple Box, Rosary (1 slot), Rough Elunium, Trap
Minorous;52;Fire 2;Large;7431;770;15;5;2750;1379;A;Axe (4 slots), Berserk Potion, Hammer of Blacksmith, Minorous Card, Nose Ring, Rough Oridecon, Sweet Potato, Two-handed Axe (2 slots)
Mistress;74;Wind 4;Small;212000;1110;40;60;39325;27170;AOM;Coronet, Elunium, Gungnir, Honey, Mistress Card, Old Card Album, Oridecon, Pearl, Rough Wind, Royal Jelly, Young Twig
Moonlight Flower;67;Fire 3;Medium;120000;1700;10;55;27500;14300;AOM;Elunium, Long Mace, Moonlight Flower Card, Nine Tails, Oridecon, Punisher, Puppy Love, Silver Knife of Chastity, Topaz, Walgwanggum, White Potion
Muka;15;Earth 1;Large;570;49;5;5;66;44; ;Cactus Needle, Empty Bottle, Green Herb, Green Live, Guisarme (2 slots), Iron Ore, Muka Card, Red Herb
Mummy;37;Undead 2;Medium;5176;360;0;10;488;314;A;Glove, Memento, Mummy Card, OR Potion, Panacea, Rotten Bandage, Rough Oridecon, Silver Ring
Munak;30;Undead 1;Medium;2872;230;0;0;361;218;A;Adventurer's Suit (1 slot), Amulet, Daenggie, Girl's Diary, Munak Card, Munak Hat, Ninja Suit, Shoes (1 slot)
Mutant Dragonoid;65;Fire 2;Large;62600;3400;15;20;4730;3536;A;Belt, Blue Potion, Brigan, Dragon Canine, Dragon Scale, Mastela Fruit, Rotten Bandage, White Potion
Myst;38;Poison 1;Large;3745;445;0;40;1391;688;A;Anodyne, Awakening Potion, Gas Mask, Mist Card, Rough Elunium, Rough Oridecon, Trunk, Wig
Mystcase;38;Normal 3;Medium;3450;360;5;10;1012;626; ;3carat Diamond, Apple, Candy, Candy Cane, Old Blue Box, Pearl, Piece of Cake, Zargon
Mysteltainn;76;Shadow 4;Large;33350;1440;30;30;6457;5159;A;Bastard Sword (3 slots), Claymore, Elunium, Katana (4 slots), Loki's Whispers, Oridecon, Slayer, Steel
Neraid;40;Earth 1;Small;4120;360;0;10;1126;684;A;Awakening Potion, Blue Gemstone, Blue Herb, Cyfar, Earthworm Peeling, Elunium, Rough Elunium
Nightmare;49;Ghost 3;Large;4437;529;0;40;1572;1625;A;Blue Herb, Blue Potion, Horseshoe, Infiltrator, Nightmare Card, Old Blue Box, Oridecon, Rosary
Ninetail;51;Fire 3;Medium;9466;734;10;25;1650;825;A;Animal Skin, Dead Branch, Glass Bead, Nine Tails, Old Blue Box, Panacea, Rough Oridecon, Royal Jelly
Obeaune;31;Water 2;Medium;3952;165;0;40;644;407;A;Aquamarine, Fin, Fin Helm, Heart of Mermaid, Mystic Frozen, Obeaune Card, Saint's Robe (1 slot), Witherless Rose
Orc Archer;49;Earth 1;Medium;7440;390;10;5;1572;1625;AR;Arrow of Wind, Fang, Gakkung (2 slots), Red Potion, Steel Arrow, Stone Arrow, Tights (1 slot), White Herb
Orc Hero;77;Earth 2;Large;290000;2542;40;45;58630;32890;AOM;Elunium, Heroic Emblem, Light Epsilon, Monkey Circlet, Orc Hero Card, Orcish Sword, Oridecon, Sardonyx, Shield (1 slot), Steel, Yggdrasil Berry
Orc Lady;31;Earth 2;Medium;2000;170;10;10;586;370;A;Battle Axe (4 slots), Cyfar, Earring, Iron, Rough Oridecon, Wedding Dress, Wedding Veil, Yellow Herb
Orc Lord;74;Earth 4;Large;333000;3150;40;65;62205;8580;AOM;Belt, Bloody Axe, Elunium, Grand Circlet, Heroic Emblem, Old Purple Box, Orc Lord Card, Oridecon, Ring
Orc Skeleton;28;Undead 1;Medium;2278;236;10;10;315;194;A;Buster (2 slots), Green Potion, Orc Helm, Orc Skeleton Card, Orc's Fang, Rough Elunium, Skel-Bone
Orc Warrior;24;Earth 1;Medium;1400;126;10;5;261;160;A;Axe (3 slots), Battle Axe (4 slots), Cigar, Iron, Orc Warrior Card, Orcish Axe, Orcish Voucher, Rough Oridecon
Orc Zombie;24;Undead 1;Medium;1568;184;5;10;196;120;A;Emperium, Orc Claw, Orc Zombie Card, Sticky Mucus
Osiris;78;Undead 4;Medium;415400;2880;10;25;71500;28600;AOM;Assassin Dagger, Crown, Hand of God, Jamadhar (1 slot), Old Blue Box, Old Purple Box, Oridecon, Osiris Card, Osiris Doll, Yggdrasil Seed
Pecopeco;13;Fire 1;Large;531;46;0;0;85;36;SD;Bill of Birds, Pecopeco Card, Red Herb, Sandals (1 slot), Wand (2 slots), Yellow Herb
PecoPeco's Egg;3;Normal 3;Small;420;2100;20;20;4;4;IP;China, Empty Bottle, Guard (1 slot), Pecopeco Egg Card, Phracon, Red Potion, Shell
Penomena;57;Poison 1;Medium;7256;565;5;50;2870;2200;AHR;Amethyst, Coral Reef, Katar of Raging Blaze, Panacea, Red Gemstone, Sticky Mucus, Tentacle
Pest;40;Shadow 2;Small;3240;450;0;5;1238;752;A;Animal Gore, Anodyne, Brigan, Earthworm Peeling, Red Gemstone, Rough Oridecon
Phen;26;Water 2;Medium;3347;150;0;15;357;226;D;Aquamarine, Fin, Fish Tail, Meat, Phen Card, Rough Oridecon, Sharp scale
Phreeoni;69;Normal 3;Large;188000;1530;10;20;32175;16445;AOM;1carat Diamond, Ant Jaw, Elunium, Fortune Sword, Mr. Scream, Necklace of Oblivion, Oridecon, Phreeoni Card, Sucsamad, Tongue
Picky;3;Fire 1;Small;80;12;0;0;4;3; ;Cotton Shirts (1 slot), Feather, Feather of Birds, Milk, Picky Card, Red Herb, Yellow Gemstone
Picky (Shell);4;Fire 1;Small;83;11;20;0;5;4; ;Egg Shell, Feather, Feather of Birds, Milk, Picky Egg Card, Red Herb, Tiny Egg Shell, Yellow Gemstone
Piere;18;Earth 1;Small;733;75;15;0;122;78;LS;Andre Card, Garlet, Iron Ore, Rough Elunium, Star Dust, Sticky Mucus, Wind of Verdure, Worm Peeling
Pirate Skeleton;25;Undead 1;Medium;1676;178;10;15;233;142;A;Bandana, Falchion (3 slots), Pirate Bandana, Pirate Skel Card, Ring pommel Saber (3 slots), Rough Oridecon, Skel-Bone, Well Dried Bone
Plankton;10;Water 3;Small;354;31;0;5;23;18; ;Alcohol, Concentration Potion, Dew Laden Moss, Empty Bottle, Garlet, Plankton Card, Single Cell, Sticky Mucus
Poison Spore;19;Poison 1;Medium;665;101;0;0;169;85;A;Blue Herb, Green Herb, Hat (1 slot), Karvodailnirol, Mushroom Spore, Poison Spore, Poison Spore Card, Zargon
Poporing;14;Poison 1;Medium;344;72;0;10;74;40;L;Garlet, Grape, Green Herb, Main Gauche (4 slots), Poporing Card, Sticky Mucus, Zircon
Poring;1;Water 1;Medium;50;10;0;5;2;1;L;Apple, Empty Bottle, Jellopy, Knife (4 slots), Poring Card, Poring Doll, Sticky Mucus, Unripe Apple
Punk;43;Wind 1;Small;3620;365;0;45;1546;940;A;Fly Wing, Hood (1 slot), Moth Dust, Mould Powder, Pacifier, Star Dust, Witched Starsand, Yellow Gemstone
Pupa;2;Earth 1;Small;427;2;0;20;2;4;IP;Chrysalis, Guard (1 slot), Iron Ore, Phracon, Pupa Card, Shell, Sticky Mucus
Raggler;21;Wind 1;Small;1020;113;0;5;218;140;A;Awakening Potion, Brigan, Concentration Potion, Cyfar, Feather of Birds, Goggles (1 slot), Rough Oridecon, Wind of Verdure
Raydric Archer;52;Shadow 2;Medium;5250;500;35;5;2750;1932;AR;Arbalest (2 slots), Bow (4 slots), Brigan, Chain Mail (1 slot), Elunium, Sharp Arrow
Red Mushroom;1;Earth 1;Small;15;0;99;0;0;0;IP;Alcohol, Dew Laden Moss, Feather, Karvodailnirol, Mushroom Spore, Red Blood
Red Plant;1;Earth 1;Small;10;0;99;0;0;0;IP;Flower, Fluff, Ment, Pointed Scale, Red Herb, Romantic Flower, Shoot, Stem
Requiem;35;Shadow 1;Medium;3089;272;0;15;800;458;A;Emperium, Horrendous Mouth, Mantle (1 slot), Memento, Old Blue Box, Requiem Card, Zargon
Reydric;52;Shadow 2;Large;8613;900;40;15;3101;1633;A;Brigan, Chain Mail (1 slot), Chivalry Emblem, Elunium, Iron Cain, Katana (3 slots), Raydric Card, Two-handed Sword (2 slots)
Rideword;59;Normal 3;Small;11638;804;5;35;2007;3106;AH;Book of Billows, Book of Blazing Sun, Book of Gust of Wind, Book of Mother Earth, Bookclip in Memory, Old Magicbook, Pearl, Worn Out Page
Rocker;9;Earth 1;Medium;198;29;5;10;20;16; ;Grasshopper's Leg, Green Feeler, Hinalle, Hinalle Leaflet, Javelin (4 slots), Jellopy, Rocker Card, Rocker Doll
Roda Frog;5;Water 1;Medium;133;14;0;5;6;5; ;Emerald, Empty Bottle, Green Herb, Roda Frog Card, Spawn, Sticky Webfoot
Sageworm;43;Normal 2;Small;3850;280;0;50;1050;1200;D;Apple, Blue Potion, Book, Earthworm Peeling, Grampa Beard, Ph.D Hat, Worn Out Page, Zargon
Sandman;34;Earth 2;Medium;3413;205;10;25;715;436;A;Coal, Great Nature, Grit, Katar of Dusty Thornbush, Rough Elunium, Sandman Card, Star Dust, Topaz
Santa Poring;3;Holy 1;Medium;69;16;0;0;4;5;L;Apple, Candy, Candy Cane, Red Herb, Santa Hat, Santa Poring Card
Sasquatch;30;Normal 3;Large;3163;290;5;0;481;290;A;Bear's Footskin, Bigfoot Card, Feather, Opal, Poo Poo Hat, Rough Elunium, White Herb, Zargon
Savage;26;Earth 2;Large;2092;150;10;5;357;226;D;Animal Gore, Anodyne, Awakening Potion, Eagle Eyes, Mane, Rough Elunium, Royal Jelly, Savage Card
Savage Babe;7;Earth 1;Small;182;25;0;0;14;12; ;Animal Skin, Arrow, Axe (4 slots), Feather, Meat, Phracon, Savage Bebe Card, Sweet Milk
Scorpion;24;Fire 1;Small;1109;135;30;0;287;176;D;Fine Grit, Green Herb, Red Blood, Rough Elunium, Rusty Iron, Scorpion Card, Scorpion Tail, Solid Shell, Yellow Herb
Shellfish;15;Water 1;Small;920;42;35;0;66;44;IP;Clam Flesh, Clam Shell, Grit, Rough Elunium, Star Dust, Stone
Shining Plant;4;Earth 1;Small;20;0;99;0;0;0;IP;Blue Herb, Emperium, Honey, Illusion Flower, White Herb, Yellow Herb, Yggdrasil Berry, Yggdrasil Seed
Sidewinder;43;Poison 1;Medium;4929;320;5;10;1815;903;A;Rough Oridecon, Shining Scale, Sidewinder Card, Snake Scale, Tsurugi (2 slots), Venom Canine, White Herb, Zargon
Skel Prisoner;52;Undead 3;Medium;8691;890;10;20;2242;1420;A;Ball'n'Chain, Formal Suit (1 slot), Heaven Ring, Manacles, Memento, Red Gemstone, Rotten Bandage, Spoon Stub
Skel Worker;30;Undead 1;Medium;2872;288;0;15;397;240;A;Coal, Iron, Iron Ore, Lantern, Rough Elunium, Safety Helmet, Skel Worker Card, Steel
Skeleton;10;Undead 1;Medium;234;47;10;10;18;14; ;Jellopy, Mace (4 slots), Phracon, Red Herb, Skel-Bone, Skeleton Card, Skull Ring
Sky Petite;45;Wind 1;Medium;5747;355;20;45;1758;1075;A;Aloevera, Butterfly Wing, Dragon Scale, Dragon Tail, Elunium, Sky Petite Card, White Herb, Zargon
Smokie;18;Earth 1;Small;641;72;0;10;122;78;D;Animal Skin, Kitty Band, Raccoon Leaf, Racoon Doll, Smokie Card, Sweet Potato, Zargon, Zircon
Sohee;33;Water 1;Medium;5628;251;0;10;672;414;D;Black Hair, Muffler (1 slot), Nurse Cap, Red Potion, Skirt of Virgin, Sohee Card, Stiletto (3 slots)
Soldier Skeleton;29;Undead 1;Medium;2334;245;10;15;338;206;A;Dagger (3 slots), Knife (4 slots), Memento, Red Potion, Rough Oridecon, Skel-Bone, Soldier Skeleton Card, Stiletto (3 slots)
Spore;9;Water 1;Medium;327;29;0;5;22;17; ;Blue Herb, Hat (1 slot), Mushroom Spore, Red Herb, Spore Card, Spore Doll
Stainer;16;Wind 1;Small;538;64;10;0;105;70;D;Emveretarcon, Garlet, Iron Ore, Rainbow Shell, Rough Elunium, Solid Shell, Stainer Card, Wind of Verdure
Stalactic Golem;60;Normal 4;Large;18700;1130;50;5;3870;2695; ;Brigan, Elunium, Great Nature, Mud Lump, Rough Elunium, Star Crumb
Steel Chonchon;17;Wind 1;Small;530;65;15;0;109;71;LS;Garlet, Iron, Iron Ore, Shell, Solid Shell, Steel, Steel Chonchon Card, Wind of Verdure
Stem Worm;40;Wind 1;Medium;6136;375;5;10;1452;939;A;Glaive (3 slots), Great Nature, Rough Oridecon, Tough Scalelike Stem, White Herb, Wormtail Card, Yggdrasil Seed, Zargon
Sting;61;Earth 3;Medium;9500;1032;5;30;3710;2700;A;Amethyst, Apple, Coal, Glove (1 slot), Great Nature, Mud Lump, Ribbon (1 slot), Silk Ribbon, Stone Arrow
Stormy Knight;77;Wind 4;Large;240000;1585;35;60;64350;21450;AOH;Aquamarine, Boots (1 slot), Elunium, Grand Circlet, Manteau (1 slot), Mystic Frozen, Old Blue Box, Old Purple Box, Oridecon, Ring (1 slot), Zephyrus
Sword Fish;30;Water 2;Large;4299;199;5;20;529;319;A;Gill, Katana (4 slots), Mystic Frozen, Rough Elunium, Rough Oridecon, Sharp scale, Snow Horn, Swordfish Card
Tarou;11;Shadow 1;Small;284;45;0;0;57;28;D;Animal Skin, Feather, Monster's Feed, Ora Ora, Rat Tail, Tarou Card
Thara Frog;22;Water 2;Medium;2152;127;0;10;219;138; ;Emveretarcon, Sardonyx, Scell, Spawn, Sticky Webfoot, Thara Frog Card, White Herb
Thief Bug;6;Shadow 1;Small;126;24;5;0;17;5;LS;Iron Ore, Jacket, Jacket (1 slot), Jellopy, Red Herb, Thief Bug Card, Worm Peeling
Thief Bug (Big);10;Shadow 1;Medium;170;40;5;5;35;18;LS;Blade (4 slots), Female Thief Bug Card, Garlet, Insect Feeler, Iron Ore, Red Gemstone, Red Herb, Worm Peeling
Thief Bug Egg;4;Normal 3;Small;48;17;20;0;8;4;IP;Black Ladle, Chrysalis, Guard (1 slot), Iron Ore, Phracon, Red Gemstone, Sticky Mucus, Thief Bug Egg Card
Tirfing;71;Shadow 4;Medium;29900;1146;30;35;5412;4235;A;Dagger (3 slots), Dirk (3 slots), Old Hilt, Oridecon, Silver Knife of Chastity, Steel, Stiletto (3 slots), Two-handed Sword (2 slots)
Toad;10;Water 1;Medium;5056;32;4;6;100;50;AO;Alcohol, Big Ribbon, Detrimindexta, Glass Bead, Honey, Roda Frog Card, Zircon
Tower Keeper;63;Normal 4;Large;18600;1180;35;30;4378;2850;DR;Brigan, Hinalle Leaflet, Key of Clock Tower, Key of Underground, Needle of Alarm, Steel
Trijoint;32;Earth 1;Small;2300;206;20;5;386;220;A;Aloevera, Cyfar, Green Live, Rough Elunium, Solid Shell, Star Dust
Vadon;19;Water 1;Small;1017;85;20;0;135;85;D;Blue Gemstone, Crystal Blue, Garlet, Nipper, Padded Armor (1 slot), Rough Elunium, Solid Shell, Vadon Card
Vagabond Wolf;24;Earth 1;Medium;12240;159;30;8;247;176;AO;Animal Skin, Meat, Monster Juice, Sardonyx, Topaz, Western Grace, Wolf Card, Wolf Claw
Verit;38;Undead 1;Medium;5272;469;0;5;835;517;L;Armlet of Obedience, Flower Ring, Immortal Heart, Rotten Bandage, Skull Ring, Verit Card, White Herb, Zargon
Vitata;20;Earth 1;Small;884;80;15;20;163;101;D;Green Live, Honey, Rough Oridecon, Royal Jelly, Scell, Vitata Card, Worm Peeling
Vocal;18;Earth 1;Medium;3016;82;10;30;110;88;AO;Banana Juice, Concentration Potion, Emerald, Grasshopper's Leg, Rocker Card, Rocker Doll, Romantic Gent, Zargon;
Wanderer;74;Wind 1;Medium;8170;550;5;5;5786;4730;AH;Muramasa, Old Card Album, Oridecon, Romantic Leaf, Skull, Yggdrasil Leaf, Yggdrasil Seed;
Whisper;34;Ghost 3;Small;1796;221;0;45;537;545;A;Fabric, Heaven Ring, Silver Robe (1 slot), Star Dust, Whisper Card;
Whisper Boss;34;Ghost 3;Large;5040;239;0;45;537;545;AO;Fabric, Heaven Ring, Silver Robe (1 slot), Star Dust, Whisper Card;
White Plant;1;Earth 1;Small;10;0;99;0;0;0;IP;Aloe Leaflet, Deadly Noxious Herb, Flower, Hinalle, Pointed Scale, Romantic Flower, Stem, White Herb;
Wild Rose;38;Wind 1;Small;2980;360;0;15;1113;688;L;Arrow of Shadow, Big Ribbon, Cyfar, Monster's Feed, Rotten Fish, Witherless Rose;
Wilow;4;Earth 1;Medium;95;12;5;15;5;4; ;Barren Trunk, Fine-grained Trunk, Red Herb, Resin, Solid Trunk, Sweet Potato, Tree Root, Trunk, Willow Card;
Wind Ghost;51;Wind 3;Medium;4820;639;0;45;2118;1488;AR;Arc Wand (2 slots), Bone Wand, Rough Wind, Skel-Bone, Skull, Zargon;
Wolf;12;Earth 1;Medium;405;46;0;0;45;32;S;Animal Skin, Emveretarcon, Mantle (1 slot), Meat, Monster's Feed, Wolf Card, Wolf Claw;
Worm Tail;14;Earth 1;Medium;426;51;5;0;59;40;D;Emerald, Emveretarcon, Green Lace, Green Live, Pike (4 slots), Pointed Scale, Wormtail Card, Yellow Herb;
Wraith;53;Undead 4;Large;10999;760;5;30;2199;1099;A;3carat Diamond, Butterfly Wing, Chung Jah, Fabric, Manteau (1 slot), Red Gemstone, Wedding Veil;
Yellow Plant;1;Earth 1;Small;10;0;99;0;0;0;IP;Flower, Fluff, Pointed Scale, Romantic Flower, Shoot, Singing Plant, Stem, Yellow Herb;
Yoyo;19;Earth 1;Small;879;82;0;0;135;85;LS;Animal Skin, Banana, Rough Oridecon, Yellow Herb, Yoyo Card, Yoyo Doll, Yoyo Tail;
Zealotus;63;Normal 3;Medium;18300;850;10;15;3608;2304;A;Earring (1 slot), Executioner's Mitten, Masquerade, Oridecon, Tights (1 slot), White Potion, Yellow Potion;
Zenorc;31;Shadow 1;Medium;2585;223;0;15;879;370;L;Old Magicbook, Rough Oridecon, Shining Stone, Sticky Mucus, Yellow Potion, Zenorc Card, Zenorc's Fang;
Zerom;23;Fire 1;Medium;1026;155;0;10;240;149;A;Ball'n'Chain, Emveretarcon, Gangster Mask, Iron, Iron Ore, Pantie, Zerom Card;
Zombie;15;Undead 1;Medium;534;79;0;10;50;33;A;Cursed Ruby, Decayed Nail, Horrendous Mouth, Opal, Sticky Mucus, Zombie Card;
Zombie Prisoner;53;Undead 3;Medium;11280;930;10;20;2635;1724;A;Ball'n'Chain, Elunium, Empty Potion Bottle, Iron Cain, Red Gemstone, Rotten Bandage, Spoon Stub, Worn-out Prison Uniform

