Abyssmal Knight;(ASM);36140;79;8469;6268;Large;Demi-Human;Shadow 4;1600-2150;68;135;66;64;25;50;55;50;Reins(55%), Blade Lost in Darkness(0.05%), Lord's Clothes(1s)(0.01%), Lance(0.25%), Broad Sword(2s)(0.01%), Elunium(3.69%), Oridecon(2.59%);Unknown;
Alarm;(AS);10647;58;3987;2300;Medium;None;Normal 3;480-600;62;85;1;72;10;45;15;15;Needle of Alarm(55%), Clip(1s)(0.2%), Skull(15%), Magnifier(13%), Oridecon(1.05%), Key of Clock Tower(0.16%);Unknown;
Alice;(DM);10000;62;3583;2400;Medium;Demi-Human;Normal 3;550-700;64;100;64;42;85;130;5;5;Alice's Apron(5%), Old Broom(0.4%), Crystal Pumps(0.03%), Rouge(0.01%), Apple(1%), Yellow potion(4%), Flower Band(0.05%);(World Map): glast_01;
Alligator;(D);6962;42;1379;866;Medium;Brute;Water 1;315-360;45;82;1;50;10;65;2;5;Zargon(10%), Worn-out Prison Uniform(6%), Anolian Skin(20%), Yggdrasil Seed(0.5%), Rough Oridecon(1.29%);Unknown;
Am Mut;(ASM);11848;61;7709;2690;Small;Evil Spirit;Shadow 1;1041-1123;65;83;50;40;35;45;50;10;Dokkaebi Horn(45.5%), Rough Elunium(2.5%), Sword Mace(1s)(0.03%), Gold(0.05%), Heaven Ring(0.01%), Zargon(12%), Glass Bead(2.5%), Old Card Album(0.01%);(World Map): gon_fild01;
Ambernite;(D);495;13;57;38;Large;Insect;Water 1;39-46;13;18;1;13;5;5;30;0;Crystal Blue(0.35%), Snail's Shell(55%), Garlet(12%), Shell(30%), Solid Shell(0.02%), Rough Elunium(0.14%), Iron Ore(2.5%), Ambernite Card(0.05%);(World Map): gef_fild04, gef_fild09, gef_fild13, mjolnir_06, mjolnir_07, mjolnir_12;
Anacondaq;(D);1109;23;300;149;Medium;Brute;Poison 1;124-157;23;36;1;28;10;5;0;0;Emveretarcon(0.5%), Venom Canine(55%), Glaive(3s)(0.1%), Snake Scale(15%), Scale Shell(2%), Yellow Herb(1.5%), Rough Oridecon(0.38%), Anacondaq Card(0.01%);(World Map): cmd_fild05, cmd_fild06, cmd_fild09, moc_fild18;
Ancient Mummy;(ASM);39760;64;8040;3499;Medium;Undead;Undead 2;836-1129;19;83;28;32;5;35;27;27;Rotten Bandage(45.5%), Memento(18%), Glove(1s)(0.01%), Silver Ring(1.5%), Yellow potion(3.5%), Rough Oridecon(1.5%), Rough Elunium(1%), Cyfar(25%);Unknown;
Ancient Worm;(ASM);22131;67;8174;3782;Large;Insect;Poison 1;947-1115;35;81;5;56;55;72;35;30;Bug Leg(45.5%), Zargon(25%), Boots(1s)(0.09%), Amethyst(0.15%), Round Shell(6.8%), Sticky Mucus(35%), Brigan(25%), Cyfar(25%);Unknown;
Andre;(SL);688;17;109;71;Small;Insect;Earth 1;60-71;17;26;1;24;20;20;10;0;Worm Peeling(55%), Garlet(10%), Sticky Mucus(5%), Green Live(0.4%), Star Dust(0.04%), Iron Ore(4.5%), Rough Elunium(0.28%), Andre Card(0.01%);(World Map): mjolnir_11, moc_fild11, moc_fild15, moc_fild17;
Angeling;(AM);10738;20;148;138;Medium;Not Sure;Holy 4;108-168;50;68;1;20;1;80;30;75;Angel Wing(1%), Scapulare(1s)(0.6%), Yggdrasil Leaf(5%), Heaven Ring(0.01%), White Potion(10%), Poring Doll(0.5%), Emperium(0.4%), Angelring Card(0.01%);(World Map): mjolnir_10, pay_fild04;
Anolian;(ASM);18960;63;4378;2907;Medium;Amphibia;Water 2;640-760;43;97;1;58;25;65;15;15;Anolian Skin(55%), Crystal Arrow(20%), White Potion(6.5%), Red Scarf(0.1%), Sticky Mucus(70%), Brooch(1s)(0.01%), Oridecon(1.34%);(World Map): cmd_fild03;
Ant Egg;(I);420;4;5;4;Small;None;Normal 3;0;1;1;1;1;0;20;20;20;Phracon(3.2%), Shell(25%), Jellopy(20%), Sticky Mucus(6.5%), Empty Bottle(20%), Iron Ore(3%), Andre Egg Card(0.02%);(World Map): mjolnir_11, moc_fild11, moc_fild12, moc_fild15;
Antonio;;10;10;3;2;Medium;Plant;Holy 3;13-20;1;100;1;1;50;100;100;0;Red Socks with Holes(100%), Gift Box(2%), Well-baked Cookie(15%), Piece of Cake(10%), Candy(55%), Candy Cane(55%), Santa Hat(2.5%);Unknown;
Anubis;(AS);12359;55;2906;2700;Medium;Not Sure;Holy 1;688-812;69;95;1;55;75;95;0;45;Earring(0.05%), White Potion(6%), Ring(0.05%), Necklace of Wisdom(0.15%), Anubis Card(0.01%);Unknown;
Apolcalips;(AS);22680;66;6540;4935;Large;None;Normal 3;1030-1370;48;66;1;120;108;85;62;49;Apple(67%), Apple(24%), Apple(55%), Rough Elunium(15%), Elunium(5%), Manteau(1s)(2%);Unknown;
Archangeling;(AS);79523;60;4152;2173;Medium;Not Sure;Holy 3;669-890;65;65;1;80;114;105;54;58;Evil Wing(0.5%), Yggdrasil Leaf(18%), Yggdrasil Seed(1.5%), Oridecon(0.55%), Elunium(0.15%), Full Plate(1s)(0.03%), (5%);Unknown;
Archer Guardian;(AS);28634;74;1;1;Large;Demi-Human;Normal 4;1120-1600;80;165;95;80;90;55;35;60;Unknown;Unknown;
Archer Skeleton;(AS);3040;31;483;283;Medium;Undead;Undead 1;128-153;8;90;1;14;5;5;0;0;Skel-Bone(45%), Rough Oridecon(0.7%), Apple o' Archer(0.02%), Great Bow(3s)(0.15%), Fire Arrow(10%), Red Potion(8%), Bow(3s)(1.5%), Archer Skeleton Card(0.01%);Unknown;
Arclouse;(A);6075;59;860;1000;Medium;Insect;Earth 2;570-640;75;75;1;5;5;50;10;15;Round Shell(35%), Sticky Mucus(30%), Solid Shell(8%), Zargon(4.5%), Red Gemstone(3%), Great Nature(0.2%);Unknown;
Argiope;(AS);4382;41;1797;849;Large;Insect;Poison 1;395-480;41;56;1;31;10;30;30;0;Bug Leg(55%), Zargon(12%), Rough Elunium(1.75%), Boots(1s)(0.05%), Green Herb(15%), Amethyst(0.1%), Argiope Card(0.01%);(World Map): mjolnir_05, mjolnir_10;
Argos;(A);1117;25;388;188;Large;Insect;Poison 1;158-191;25;32;1;25;5;15;15;0;Cobweb(55%), Scell(12%), Bug Leg(5%), Rough Elunium(0.61%), Green Herb(6.7%), Yellow Herb(2.5%), Bark Shorts(0.15%), Argos Card(0.02%);(World Map): mjolnir_04, mjolnir_05, mjolnir_10;
Assulter;(ASM);15861;71;6911;3304;Medium;Demi-Human;Wind 2;764-1499;74;100;85;10;35;100;35;28;Turtle Shell(45.5%), Destroyed Armor(12%), Old Shuriken(8.4%), Yellow potion(12.8%), Zargon(12.4%), Mastela Fruit(0.45%), Old Blue Box(0.01%);Unknown;
Aster;(D);1372;18;122;78;Small;Amphibia;Earth 1;56-64;19;34;1;15;0;5;0;10;Sticky Mucus(5%), Coral Reef(0.4%), Single Cell(12%), Yellow Herb(2%), Zargon(0.6%), Apple(1%);(World Map): cmd_fild02, cmd_fild04, cmd_fild07;
Baphomet;(ASB);240000;66;26000;6800;Large;Evil Spirit;Shadow 3;2750-3070;152;117;30;66;1;33;70;60;Evil Horn(55%), Yggdrasilberry(2%), Cresent Scythe(0.5%), Baphomet Doll(0.5%), Animal Skin(100%), Oridecon(10%), Baphomet Card(0.01%);MVP: Majestic Goat(10%), Emperium(5%), Gungnir(1%);Unknown;
Baphomet Jr.;(AS);8578;50;2706;1480;Small;Evil Spirit;Shadow 1;487-590;75;93;1;55;1;45;15;25;Evil Horn(5%), Oridecon(0.63%), Hallberd(2s)(0.02%), Yggdrasilberry(0.5%), Yggdrasil Leaf(1%), Yellow potion(3%), Bapho Jr. Card(0.01%);Unknown;
Bathory;(AS);5415;44;2503;1034;Medium;Demi-Human;Shadow 1;198-398;76;65;1;24;85;15;0;60;Star Dust(2%), Witched Starsand(55%), Wizard Hat(0.03%), Arc Wand(2s)(0.05%), Star Crumb(0.3%), Old Magicbook(0.15%), Old Broom(0.2%), Bathory Card(0.01%);Unknown;
Bigfoot;;1619;25;310;188;Large;Brute;Earth 1;198-220;25;20;1;55;15;25;10;0;Bear's Footskin(55%), Poo Poo Hat(0.05%), Animal Skin(50%), Puppet(0.8%), Sweet Potato(15%), Honey(4%), Rough Oridecon(0.43%), Bigfoot Card(0.01%);(World Map): mjolnir_03, mjolnir_04, pay_fild07, pay_fild08, pay_fild09, pay_fild10;
Black Mushroom;(I);15;1;0;0;Small;Plant;Earth 1;0;0;0;0;0;0;0;100;99;Alcohol(0.5%), Detrimindexta(0.5%), Dew Laden Moss(0.2%), Feather(20%), Crystal Blue(8%), Mushroom Spore(55%), Mushroom Spore(55%), Poison Spore(55%);(World Map): gef_fild11, pay_fild01, prt_fild07;
Blazzer;(AS);8252;43;3173;1871;Small;Evil Spirit;Fire 2;533-709;52;69;1;50;64;40;50;40;Apple(55%), Apple(3.7%), White Potion(23%);Unknown;
Bloody Knight;(AM);57870;82;10120;6820;Large;None;Shadow 4;2150-3030;75;125;88;70;77;55;60;50;Brigan(55%), Helm(1s)(0.45%), Full Plate(1s)(0.05%), Shield(1s)(0.65%), Katzbalger(0.01%), Oridecon(3.04%), Elunium(4.33%), Apple(1%);Unknown;
Blue Plant;(I);10;1;0;0;Small;Plant;Earth 1;0;0;0;0;0;0;0;100;99;Blue Herb(55%), Flower(10%), Shoot(10%), Stem(5%), Pointed Scale(3%), Mastela Fruit(0.5%), Grape(10%), Romantic Leaf(0.02%);(World Map): gef_fild00, gef_fild02, gef_fild07, gef_fild08, gef_fild09, gef_fild10, mjolnir_01, mjolnir_02, mjolnir_05, mjolnir_06, mjolnir_07, mjolnir_08, mjolnir_11, moc_fild17, pay_fild10, prt_fild01, prt_fild03, prt_fild05;
Boa;;471;15;72;48;Medium;Brute;Earth 1;46-55;15;35;1;15;10;5;0;0;Snake Scale(55%), Katana(4s)(0.15%), Red Herb(9%), Emveretarcon(0.35%), Snake Card(0.01%);(World Map): moc_fild03, moc_fild13, pay_fild02, pay_fild05;
Bongun;(ASM);3520;32;424;242;Medium;Undead;Undead 1;220-260;15;48;45;36;10;15;0;0;Short Daenggie(55%), Old Portrait(0.4%), Worn Out Scroll(0.6%), Ninja Suit(0.02%), Amulet(0.15%), Yellow Herb(10%);Unknown;
Brilight;(AM);5562;46;1826;1331;Small;Insect;Fire 1;298-383;90;50;1;15;10;35;30;5;Glitter Shell(55%), Wind of Verdure(2%), Zargon(12%), Butterfly Wing(10%), Rough Elunium(2.2%), Yggdrasil Leaf(2.5%), White Herb(16%), Stainer Card(0.02%);(World Map): pay_fild11;
Caramel;(D);1424;23;264;162;Small;Brute;Earth 1;90-112;23;38;35;46;5;10;5;5;Porcupine Quill(55%), Coat(1s)(0.05%), Animal Skin(55%), Glaive(3s)(0.1%), Spear(4s)(0.15%), Pike(4s)(0.2%), Caramel Card(0.01%);(World Map): mjolnir_03, mjolnir_04, pay_fild07;
Carat;(D);5200;51;1926;1353;Medium;Evil Spirit;Wind 2;330-417;41;85;1;45;5;155;0;25;Brigan(32%), Ice Cream(10%), Highheels(0.05%), Joker Jester(0.01%), White Potion(4.5%);(World Map): glast_01;
Cat o' Nine Tail;(ASM);63177;76;10869;4283;Medium;Evil Spirit;Fire 3;1112-1275;75;86;55;55;82;120;61;55;Puppy Love(0.01%), Silver Knife of Chastity(1.5%), Punisher(0.05%), Elunium(6%), Oridecon(8%), Gold(0.06%), Old Purple Box(0.01%), Brigan(55%);Unknown;
Caterpillar;(AS);14140;64;6272;3107;Small;Insect;Earth 1;895-1448;25;69;35;85;15;45;47;29;Feather(30%), Brigan(55%), Cap(1s)(0.2%), Star Crumb(1%), Great Nature(0.5%), Red Potion(10%), Orange Potion(5%), Blue Potion(0.12%);(World Map): yuno_fild03, yuno_fild04;
Chepet;(ASM);4950;42;1518;946;Medium;Demi-Human;Fire 1;380-440;72;65;1;35;71;85;0;25;Matchstick(10%), Zargon(7.5%), Apple(55%), Unripe Apple(0.4%), Red Scarf(0.05%), Orange Potion(3%), Ragamuffin Manteau(0.05%);Unknown;
Chimera;(ASM);32600;70;4950;3000;Large;Brute;Fire 3;1200-1320;72;75;1;110;88;85;30;10;Brigan(55%), Horrendous Hair(10%), Berserk Potion(5%), White Potion(5.6%), Great Axe(0.01%), Oridecon(1.6%);Unknown;
Choco;(ASM);4278;43;1265;1265;Small;Brute;Fire 1;315-402;68;65;65;55;45;25;5;5;Claw of Monkey(55%), Yoyo Tail(70%), Elunium(0.53%), Banana(50%), Tropical Banana(0.2%), Banana Juice(10%), Yggdrasilberry(0.25%), Yoyo Card(0.02%);(World Map): prt_fild03;
Chonchon;;67;4;5;4;Small;Insect;Wind 1;10-13;10;12;1;4;5;2;10;0;Iron(0.5%), Shell(65%), Jellopy(15%), Cutter(4s)(0.55%), Fly Wing(1%), Chonchon Doll(0.05%), Iron Ore(2.5%), Chonchon Card(0.05%);(World Map): gef_fild00, gef_fild04, gef_fild05, gef_fild07, mjolnir_01, mjolnir_06, mjolnir_09, moc_fild04, moc_fild05, moc_fild06, moc_fild07, moc_fild11, moc_fild12, moc_fild18, prt_fild08, prt_fild09;
Chonchon (Swodie QuestA);67;4;5;4;Small;Insect;Wind 1;10-13;10;12;1;4;5;2;10;0;Iron(0.5%), Shell(55%), Jellopy(15%), Cutter(4s)(0.55%), Fly Wing(1%), Chonchon Doll(0.05%), Chonchon Card(0.05%);Unknown;
Clock;(D);11050;60;3410;2904;Medium;None;Earth 2;720-909;70;90;1;50;25;50;15;10;Needle of Alarm(55%), Trunk(8%), White Potion(9%), Berserk Potion(2.2%), Key of Underground(0.3%), Elunium(1.63%);Unknown;
Tower Keeper;(AM);18600;63;4378;2850;Large;None;Normal 4;880-1180;75;75;1;20;64;60;35;30;Needle of Alarm(55%), Brigan(55%), Steel(5%), Key of Clock Tower(20%), Key of Underground(20%);Unknown;
Coco;(D);817;17;120;78;Small;Brute;Earth 1;56-67;17;24;24;34;20;10;0;0;Acorn(55%), Hood(1s)(0.2%), Fluff(30%), Animal Skin(25%), Sweet Potato(5%), Coco Card(0.01%);(World Map): gef_fild03, gef_fild11, mjolnir_06, mjolnir_07, prt_fild11;
Condor;;92;5;6;5;Medium;Brute;Wind 1;11-14;13;13;1;5;0;10;0;0;Talon(65%), Bow(4s)(1.5%), Yellow Gemstone(0.8%), Arrow(55%), Meat(4%), Feather of Birds(20%), Condor Card(0.02%);(World Map): cmd_fild09, moc_fild01, moc_fild02, moc_fild04, moc_fild05, moc_fild06, moc_fild09, moc_fild10, moc_fild13, prt_fild09;
Cookie;(ST);950;25;310;188;Small;Demi-Human;Normal 3;130-145;35;37;1;20;53;90;0;25;Well-baked Cookie(10%), Emveretarcon(0.9%), Darkgreen Dyestuffs(0.01%), Concentration Potion(2.8%), Sandals(1s)(0.3%), Star Dust(0.4%), Hood(1s)(0.2%);(World Map): cmd_fild01, cmd_fild03, gon_fild01;
Cookie Xmas;(ST);2090;28;461;284;Small;Demi-Human;Holy 2;140-170;24;45;1;30;53;100;0;50;Well-baked Cookie(15%), Pearl(0.45%), Zargon(2%), Hood(1s)(0.25%), Hood(1.2%), Red Herb(11%), Red Potion(7%);Unknown;
Cornutus;(D);1620;23;240;149;Small;Amphibia;Water 1;109-131;23;36;1;23;5;12;30;0;Crystal Blue(0.45%), Conch(55%), Scell(8%), Rough Elunium(0.53%), Shield(1s)(0.05%), Solid Shell(10%), Blue Gemstone(1%), Cornutus Card(0.03%);(World Map): cmd_fild02;
Crab;(D);2451;20;163;101;Small;Amphibia;Water 1;71-81;20;36;18;15;0;15;35;0;Crab Shell(55%), Nipper(15%), Stone(7%), Star Dust(0.13%), Rough Elunium(0.37%);(World Map): ama_fild01, cmd_fild02, cmd_fild04, cmd_fild07;
Cramp;(A);4720;56;2300;1513;Small;Brute;Poison 2;395-465;85;65;1;35;5;60;0;5;Claw of Rat(55%), Monster's Feed(10%), Sapphire(0.8%), Glass Bead(1.1%), Berserk Potion(1.5%), Blue Herb(0.7%), Oridecon(0.95%), Tarou Card(0.02%);Unknown;
Creamy;;595;16;105;70;Small;Insect;Wind 1;53-64;40;16;1;16;15;55;0;30;Powder of Butterfly(55%), Silk Robe(1s)(0.1%), Honey(1.5%), Butterfly Wing(1%), Fancy Flower(0.02%), Flower(5%), Creamy Card(0.03%);(World Map): gef_fild06, gef_fild08, gef_fild13, mjolnir_01, mjolnir_02, prt_fild00, prt_fild03, prt_fild07, prt_fild10;
Creamy Fear;(ASM);13109;62;7365;2691;Small;Insect;Wind 1;667-830;40;68;5;16;15;55;45;30;Powder of Butterfly(45.5%), Silver Robe(1s)(0.1%), Honey(5.5%), Butterfly Wing(2%), Book(3s)(0.08%), Arc Wand(2s)(0.08%), Mastela Fruit(0.5%), Cyfar(18%);(World Map): yuno_fild01;
Cruiser;(AS);2820;35;1100;450;Medium;None;Normal 3;175-215;40;90;1;10;10;25;5;5;Manacles(9%), Monk Hat(0.02%), Iron(3.2%), Rough Wind(0.05%), Scell(35%), Amethyst(0.35%), Rough Oridecon(0.87%);Unknown;
Dark Frame;(AS);7500;59;3652;3271;Medium;Evil Spirit;Shadow 3;960-1210;72;85;1;42;45;25;10;45;Brigan(55%), Red Frame(10%), Star Crumb(0.8%), Crystal Mirror(0.03%);(World Map): glast_01;
Dark Illusion;(ASM);101487;77;11163;4181;Large;Evil Spirit;Undead 4;1300-1982;100;97;5;40;100;40;64;70;Bone Wand(0.03%), Bone Helm(0.02%), Ragamuffin Manteau(0.03%), Brigan(55%), Mastela Fruit(1.2%), White Potion(5.5%), Broad Sword(2s)(0.02%), Cyfar(25%);Unknown;
Dark Lord;(ASB);340000;80;65780;45045;Large;Evil Spirit;Undead 4;2800-3320;120;99;50;64;118;60;30;70;Bone Wand(5%), Bone Helm(5%), Grimtooth(3%), Mage Coat(3%), Apple(1%), Elunium(53%), Oridecon(41%);MVP: Skull(60%), Old Purple Box(20%);Unknown;
Dark Priest;(AS);9660;59;3320;2974;Medium;Demi-Human;Shadow 4;298-370;54;82;1;38;95;60;30;60;Book of the Apocalypse(0.02%), Rosary(0.3%), Blue Potion(1%), Red Gemstone(4.5%), Hand of God(0.5%);Unknown;
Deadly Wraith;(ASM);42131;74;10341;3618;Large;Undead;Undead 4;1366-1626;99;89;5;55;95;45;25;30;Fabric(45.5%), Wedding Veil(0.1%), Manteau(1s)(0.08%), Red Gemstone(7%), 3carat Diamond(0.05%), Blue Gemstone(8.5%), Berserk Potion(1.5%), Old Blue Box(1%);Unknown;
Deleter (Earth);AS;15168;65;3403;2066;Medium;Dragon;Earth 2;446-593;67;72;1;40;85;68;52;53;Apple(47%), Dragon Canine(55%), Dragon Scale(37%), Dragon Tail(40%);(World Map): yuno_fild03, yuno_fild04;
Deleter (Sky);AS;17292;66;3403;2066;Medium;Dragon;Wind 2;446-593;105;72;1;40;85;54;45;53;Apple(47%), Dragon Canine(55%), Dragon Scale(37%), Dragon Tail(40%);(World Map): yuno_fild03, yuno_fild04;
Demon Pungus;(AS);7259;56;3148;1817;Small;Evil Spirit;Poison 3;360-479;83;63;1;55;86;34;48;31;Apple(42%), Mould Powder(47%), Yellow Gemstone(40%);(World Map): yuno_fild02, yuno_fild03, yuno_fild04;
Deniro;(SL);760;19;135;85;Small;Insect;Earth 1;68-79;19;43;1;30;20;10;15;0;Worm Peeling(60%), Garlet(30%), Sticky Mucus(12%), Red Blood(0.45%), Star Dust(0.08%), Iron Ore(5.5%), Rough Elunium(0.34%), Andre Card(0.01%);(World Map): mjolnir_11, moc_fild11, moc_fild15;
Desert Wolf;(SLM);1716;27;427;266;Medium;Brute;Fire 1;169-208;27;56;56;45;15;10;0;10;Katar(2s)(0.05%), Claw of Desert Wolf(55%), Mink Coat(1s)(0.01%), Meat(12%), Wolf Claw(20%), Rough Oridecon(0.53%), Desert Wolf Card(0.01%);(World Map): cmd_fild05, moc_fild14;
Desert Wolf Puppy;(S);164;9;20;16;Small;Brute;Fire 1;30-36;9;21;1;9;5;40;0;0;Phracon(0.85%), Animal Skin(55%), Adventurer's Suit(1s)(0.6%), Meat(6%), Cotton Shirts(2%), Baby Desertwolf Card(0.1%);(World Map): cmd_fild05, gef_fild05, moc_fild06, moc_fild08, moc_fild09, moc_fild14, prt_fild09;
Deviace;(DM);19192;47;2105;1329;Medium;Amphibia;Water 4;514-674;47;62;1;62;48;25;10;20;Mystic Frozen(0.25%), Ancient Tooth(55%), Ancient Lips(10%), Aerial(0.02%), Detrimindexta(1%), Katar of Cold Icicle(0.03%), Rough Oridecon(1.61%), Deviace Card(0.01%);Unknown;
Deviruchi;(AS);7360;46;2662;1278;Small;Evil Spirit;Shadow 1;475-560;69;87;1;40;55;30;10;25;Little Evil Horn(55%), Little Evil Wing(4%), Evil Wing(0.02%), Partizan(2s)(0.02%), Hand of God(0.05%), Zargon(15%), Rough Oridecon(1.54%), Deviruchi Card(0.01%);Unknown;
Diabolic;(AS);9642;67;3662;2223;Small;Evil Spirit;Shadow 2;796-1059;84;71;1;53;93;69;64;36;Little Evil Horn(68%), Little Evil Wing(57%), Brooch(0.3%), Oridecon(0.2%);Unknown;
Dokebi;(D);2697;33;889;455;Small;Evil Spirit;Shadow 1;197-249;50;69;50;40;35;40;0;10;Dokkaebi Horn(55%), Rough Elunium(1.12%), Sword Mace(1s)(0.02%), Mighty Staff(0.01%), Gold(0.01%), Club(3s)(3%), Hammer of Blacksmith(0.05%), Dokkaebi Card(0.01%);(World Map): ama_fild01, pay_fild07;
Doppelganger;(ASB);149000;72;51480;10725;Medium;Evil Spirit;Shadow 3;1340-1733;90;165;1;90;100;30;85;50;Spiky Band(0.7%), Full Plate(1s)(0.5%), Broad Sword(2s)(0.5%), Blue Potion(5%), Cursed Ruby(2%), Old Blue Box(1%), Ruby(5%), Doppelganger Card(0.01%);MVP: Zweihander(1%), Safety Ring(1%), Rough Oridecon(30%);Unknown;
Dracula;(ASM);320096;85;120157;38870;Large;Evil Spirit;Shadow 4;1625-1890;95;85;1;90;132;100;45;76;Yggdrasilberry(47%), Apple(0.5%), Cape of Old Marquess(0.15%), Unknown(0.04%), Book of the Apocalypse(0.04%), Dracula Card(0.01%);Unknown;
Dragon Fly;(AM);2000;8;80;40;Small;Insect;Wind 1;22-27;20;17;1;8;1;8;60;2;Sweet Gent(2%), Red Potion(80%), Amethyst(15%), Chonchon Doll(20%), Clip(1s)(2%), Rusty Iron(0.5%), Grape Juice(30%), Chonchon Card(0.4%);(World Map): moc_fild06;
Dragon Tail;(AS);11883;61;3587;1453;Medium;Insect;Wind 2;520-715;68;67;10;15;5;67;25;19;Wing of Dragonfly(45.5%), Round Shell(4%), Solid Shell(8%), Fancy Flower(0.08%), Cap(0.02%), Fly Wing(3%), Butterfly Wing(1.5%);Unknown;
Drainliar;(AM);1162;24;431;176;Small;Brute;Shadow 2;74-84;36;78;1;24;0;0;0;0;Emveretarcon(0.6%), Tooth of Bat(30%), Sardonyx(0.2%), Red Herb(10%), Wing of Red Bat(55%), Wing of Red Bat(15%), Rough Oridecon(0.4%), Drainliar Card(0.01%);Unknown;
Drake;(ASB);276666;70;28600;22880;Medium;Undead;Undead 1;1800-2100;80;79;85;49;75;50;20;35;Saber(3s)(5%), Ring Pommel Saber(3s)(9.5%), Cutlus(1.5%), Haedonggum(2s)(4%), Corsair(3%), Elunium(32%), Oridecon(23%), Drake Card(0.01%);MVP: White Potion(50%), Amethyst(5%);Unknown;
Driller;(AS);7452;52;3215;1860;Medium;Brute;Earth 1;666-886;66;60;1;58;79;47;48;31;Frill(75%), Yellow Gemstone(40%), Red Gemstone(35%);Unknown;
Drops;(L);55;3;4;3;Medium;Plant;Fire 1;10-13;3;12;1;3;0;15;0;0;Jellopy(75%), Rod(4s)(0.8%), Sticky Mucus(5%), Apple(11%), Empty Bottle(17%), Poring Doll(0.05%), Orange Juice(0.2%), Drops Card(0.1%);(World Map): cmd_fild06, cmd_fild07, cmd_fild08, cmd_fild09, moc_fild01, moc_fild04, moc_fild05, moc_fild06, moc_fild07, moc_fild11, moc_fild12, moc_fild17, moc_fild18, pay_fild04, prt_fild09;
Dustiness;(D);1044;21;218;140;Small;Insect;Wind 2;80-102;53;38;1;17;0;5;0;10;Moth Dust(55%), Moth Wings(5%), Masquerade(0.04%), Insect Feeler(20%), Star Dust(0.1%), Red Herb(12%), Dustiness Card(0.02%);(World Map): mjolnir_02, mjolnir_03, pay_fild11;
Eclipse;(AM);1500;6;55;50;Small;Brute;Normal 3;20-26;36;11;1;6;1;30;20;45;Cute Ribbon(2%), Carrot(80%), Opal(12%), Glass Bead(15%), Four Leaf Clover(0.3%), Rainbow Carrot(0.5%), Carrot Juice(50%), Lunatic Card(0.7%);(World Map): gon_fild01, prt_fild02;
Eddga;(ASB);152000;65;25025;12870;Large;Brute;Fire 1;1215-1565;70;90;78;85;66;85;15;15;Fireblend(1.5%), Pipe(2.5%), Honey(100%), Katar of Raging Blaze(5%), Elunium(23%), Oridecon(17%), Eddga Card(0.01%);MVP: Tiger Skin(50%), Tiger's Footskin(10%), Flame Heart(30%);(World Map): pay_fild10;
Eggyra;(D);633;24;215;220;Medium;None;Spiritual 2;85-107;36;32;1;24;0;0;20;25;Scell(10%), Egg Shell(0.2%), Piece of Egg Shell(5.5%), Red Herb(10%), Pet Incubator(3%), Concentration Potion(2.5%), Rough Elunium(0.57%), Eggyra Card(0.01%);(World Map): pay_fild07, pay_fild09, pay_fild10;
Elder;(AS);21592;64;4650;3408;Large;Demi-Human;Normal 4;421-560;76;72;1;68;142;86;45;68;Apple(100%);Unknown;
Elder Willow;;693;20;163;101;Medium;Plant;Fire 2;58-70;20;38;1;25;35;30;10;30;Red Blood(0.5%), Resin(55%), Trunk(3.5%), Rough Elunium(0.37%), Wooden Mail(1s)(0.3%), Sweet Potato(10%), Dead Branch(1%), Elder Willow Card(0.01%);(World Map): ama_fild01, gef_fild00, gef_fild04, gef_fild05, gef_fild07, gon_fild01, pay_fild08, pay_fild09, prt_fild10, prt_fild11;
Empelium;(I);68430;90;109;71;Small;Insect;Earth 1;0;17;26;1;100;50;20;40;200;Unknown;Unknown;
Event Baph;(AS);17500;66;26000;6800;Large;Evil Spirit;Shadow 3;1750-2070;152;117;1;66;1;33;50;40;Evil Horn(55%), Yggdrasilberry(2%), Cresent Scythe(0.5%), Baphomet Doll(0.5%), Animal Skin(100%), Oridecon(10%), Baphomet Card(0.01%);MVP: Majestic Goat(10%), Emperium(5%), Gungnir(1%);Unknown;
Evil Druid;(AS);16506;58;2890;1827;Large;Undead;Undead 4;420-670;29;68;1;58;80;30;5;60;Biretta(1s)(0.1%), Bone Wand(0.01%), Ragamuffin Manteau(0.02%), Bible(2s)(0.1%), Yggdrasil Leaf(2%), Amulet(0.1%), White Herb(20%), Evil Druid Card(0.01%);Unknown;
Executioner;(AS);28980;65;4730;3536;Large;None;Shadow 2;570-950;85;88;64;40;25;60;35;35;Bloody Edge(0.05%), Blade(4s)(1%), Rapier(3s)(0.8%), Scimiter(3s)(0.6%), Ring Pommel Saber(3s)(0.4%), Steel(1.2%), Oridecon(1.45%);Unknown;
Explosion;(AS);8054;46;2404;1642;Small;Brute;Fire 3;336-447;61;66;1;56;78;38;35;27;Wing of Red Bat(65%), Apple(25%), Apple(35%), Rough Oridecon(1%), Mastela Fruit(0.5%);Unknown;
Fabre;;63;2;3;2;Small;Insect;Earth 1;8-11;2;7;1;4;0;5;0;0;Fluff(65%), Feather(5%), Club(4s)(0.8%), Emerald(0.05%), Green Herb(7%), Clover(10%), Club(3s)(2%), Fabre Card(0.15%);(World Map): gef_fild00, gef_fild04, gef_fild05, gef_fild07, mjolnir_02, pay_fild01, pay_fild02, pay_fild03, pay_fild06, pay_fild11, prt_fild00, prt_fild01, prt_fild02, prt_fild03, prt_fild05, prt_fild06, prt_fild07, prt_fild08;
Fabre (Newbie ZoneAS);30;1;1;0;Small;Insect;Earth 1;4-7;2;4;1;1;1;5;0;0;Fluff(20%), Feather(2.5%), Club(4s)(0.8%), Emerald(0.02%), Green Herb(3.5%), Clover(5%), Club(3s)(2%);(World Map): new_zone03;
Fake Angel;(AS);16845;65;3371;1949;Small;Not Sure;Holy 3;513-682;64;61;1;57;98;88;50;35;Apple(55%), Apple(35%), Emperium(10%), Yellow Gemstone(10%), Red Gemstone(10%);Unknown;
Farmiliar;(AS);155;8;28;15;Small;Brute;Shadow 1;20-28;12;28;1;8;5;0;0;0;Tooth of Bat(55%), Falchion(4s)(0.2%), Ribbon(1s)(0.15%), Fly Wing(0.5%), Grape(1%), Red Herb(7%), Concentration Potion(0.5%), Familiar Card(0.01%);Unknown;
Filamentous;(A);6088;51;1926;1353;Medium;Insect;Fire 1;425-525;35;83;1;30;5;40;35;10;Stiff Horn(55%), Horn(80%), Solid Shell(40%), Green Live(2%), Guisarme(2s)(0.4%), Rough Elunium(0.18%), White Herb(16%), Horn Card(0.02%);Unknown;
Flora;(AI);2092;26;357;226;Large;Plant;Earth 1;242-273;26;43;1;35;5;80;10;35;Maneater Blossom(55%), Sunflower(0.03%), Aloe(0.1%), Aloe Leaflet(0.5%), Singing Flower(0.2%), Stem(20%), Witherless Rose(0.01%), Flora Card(0.01%);(World Map): mjolnir_04, mjolnir_05;
Freezer;(AS);12263;72;5565;2197;Medium;Brute;Water 2;672-984;41;67;69;59;5;100;55;43;Turtle Shell(45.5%), Broken Shell(8.5%), Ice Cubic(12.5%), Zargon(18%), Royal Jelly(1.6%), Cyfar(6%), Mace(3s)(0.05%);Unknown;
Frilldora;(D);2023;30;529;319;Medium;Brute;Fire 1;200-239;30;53;35;38;15;30;0;10;Frill(55%), Rough Elunium(0.9%), Reptile Tongue(15%), Emerald(0.15%), Yellow Gemstone(2%), Red Potion(8%), Zargon(1.2%), Frilldora Card(0.01%);(World Map): cmd_fild05, moc_fild17;
Seal;(AS);12942;63;4501;2035;Medium;Brute;Water 1;845-1202;28;69;5;22;15;84;25;33;Zargon(45%), Blue Herb(2.5%), Coat(1s)(0.05%), Cyfar(12%), Guisarme(3s)(0.01%), Panacea(2%), Glass Bead(1.2%);(World Map): cmd_fild02;
Gajomart;(ASM);13386;63;6625;2900;Small;None;Fire 4;916-948;34;75;5;10;5;140;85;50;Stone Heart(65%), Zargon(23%), Yellow potion(8.7%), Bomb Wick(0.08%), Fire Arrow(100%), Steel(6.4%), Flame Heart(1.8%);Unknown;
Galapago;(AS);296821;82;10;10;Medium;Brute;Water 3;2501-3109;92;89;1;102;100;105;72;58;Unknown;Unknown;
Gargoyle;(AS);3950;48;1650;1650;Medium;Evil Spirit;Wind 3;290-360;61;126;15;20;20;40;10;10;Zargon(40%), Little Evil Wing(5%), Bow Thimble(0.01%), Mute Arrow(20%), Rough Elunium(2.38%);(World Map): cmd_fild06;
Garm;(ASB);197000;73;50050;20020;Large;Brute;Water 4;1700-1900;126;95;85;82;65;60;40;45;Fang(100%), Ice Falchion(1.5%), Katar of Cold Icicle(5%), Elunium(41%), Oridecon(29%);MVP: Fang of Hatii(10%), Old Blue Box(30%), Mystic Frozen(30%);Unknown;
Geographer;(AI);8071;56;2715;2000;Small;Plant;Earth 3;467-621;67;68;1;47;83;44;28;26;Maneater Blossom(75%), Maneater Root(55%), Romantic Leaf(1%), Crown(1%);(World Map): gon_fild01, yuno_fild01, yuno_fild02;
Ghostring;(ASM);73300;18;101;108;Medium;Evil Spirit;Spiritual 4;82-122;27;72;40;18;45;30;0;60;Fabric(50%), Ghost Bandana(1%), Thief Clothes(1s)(0.5%), Dead Branch(5%), Old Blue Box(0.1%), Emperium(0.3%), Ghostring Card(0.01%);(World Map): pay_fild04;
Ghoul;(AS);5118;39;882;541;Medium;Undead;Undead 2;420-500;20;33;1;29;0;20;5;20;Horrendous Mouth(55%), Rough Oridecon(1.1%), White Herb(6.7%), Green Potion(8%), Skull Ring(0.6%), Memento(1.5%), Ghoul Card(0.02%);Unknown;
Giant Hornet;(ASM);12834;56;5785;2006;Small;Insect;Wind 1;650-851;38;71;35;32;10;64;38;43;Royal Jelly(5.5%), Honey(12%), Mastela Fruit(0.12%), Yggdrasil Leaf(0.15%), Staff(3s)(0.03%), Pearl(0.2%), Belt(1s)(0.01%), Sweet Potato(35%);(World Map): ama_fild01, yuno_fild02;
Giant Spider;(ASM);11628;55;6211;2146;Large;Insect;Poison 1;625-802;36;73;5;43;5;69;41;28;Cobweb(45.5%), Bug Leg(12%), Rough Elunium(1.4%), Panacea(4.5%), Solid Shell(12%), Round Shell(6.8%), Cyfar(8%), Brigan(8%);(World Map): ama_fild01, yuno_fild01;
Giearth;(D);2252;29;495;301;Small;Evil Spirit;Earth 1;154-185;29;64;25;46;60;105;10;50;Great Nature(0.3%), Coal(1.5%), Elder Pixie's Moustache(55%), Elven Ears(0.01%), Cap(1s)(0.1%), Star Dust(1%), Giearth Card(0.01%);Unknown;
Gig;(AS);8409;60;3934;2039;Small;Brute;Water 2;360-479;61;59;1;80;93;46;60;28;Apple(50%), Scorpion Tail(75%), Red Gemstone(1.5%), Panacea(25%), Flame Heart(0.5%);(World Map): yuno_fild02;
Goat;(AS);11077;69;3357;2015;Large;Brute;Fire 3;457-608;58;67;1;66;95;43;44;25;Apple(50%), Apple(25%), Empty Bottle(50%), Red Herb(5%), Yellow Herb(25%), Blue Herb(10%), Green Herb(55%);(World Map): yuno_fild02, yuno_fild04;
Goblin Dagger;(AS);1176;25;310;188;Medium;Demi-Human;Wind 1;118-140;53;38;1;25;20;10;10;5;Iron(2.7%), Scell(12%), Rough Oridecon(0.43%), Goblini Mask(0.03%), Dirk(3s)(0.1%), Buckler(1s)(0.05%), Red Potion(8%), Goblin Card(0.01%);(World Map): gef_fild02, gef_fild11;
Goblin Flail;(A);1034;24;287;176;Medium;Demi-Human;Fire 1;88-100;24;66;1;24;15;10;10;5;Iron(2.5%), Scell(10%), Indian Fillet(0.03%), Flail(3s)(0.1%), Buckler(1s)(0.01%), Red Potion(5.5%), Yellow Herb(1.2%), Goblin Card(0.01%);(World Map): gef_fild02, gef_fild11;
Goblin Axe;(A);1034;24;357;176;Medium;Demi-Human;Poison 1;132-165;24;24;1;24;15;10;10;5;Iron(2.3%), Scell(10%), Red Bandana(0.03%), Buckler(1s)(0.01%), Red Potion(5.5%), Yellow Herb(1.2%), Goblin Card(0.01%);(World Map): gef_fild02, gef_fild11;
Goblin Hammer;(A);1359;23;264;164;Medium;Demi-Human;Earth 1;109-131;23;36;1;46;15;10;10;5;Green Live(1%), Iron(1.7%), Scell(8%), Zoro Masque(0.03%), Smasher(3s)(0.1%), Buckler(1s)(0.01%), Red Potion(5%), Goblin Card(0.01%);(World Map): gef_fild02, gef_fild11;
Goblin Morning Star;(A);1952;22;241;152;Medium;Demi-Human;Water 1;105-127;22;32;1;22;15;10;10;5;Iron(1.5%), Scell(8%), Wand(3s)(0.15%), Buckler(1s)(0.01%), Yellow Herb(1%), Red Potion(5%), Yellow Herb(1.2%), Goblin Card(0.01%);(World Map): gef_fild02, gef_fild11;
Goblin Archer;(AS);1750;28;461;284;Small;Demi-Human;Poison 1;89-113;15;72;10;20;15;20;0;0;Goblini Mask(0.03%), Iron(2.5%), Scell(10%), Oridecon Arrow(30%), Red Potion(6%), Composite Bow(4s)(0.25%), Awakening Potion(1.5%);(World Map): cmd_fild06, cmd_fild08, cmd_fild09, gef_fild02;
Goblin Leader;(ASM);19735;64;6036;2184;Medium;Demi-Human;Wind 1;663-753;55;69;5;37;30;58;48;16;Iron(12%), Steel(8%), Rough Oridecon(1.2%), Goblini Mask(0.05%), Shield(1s)(0.02%), Yellow potion(6.5%), Silver Ring(2.4%), Brigan(15%);(World Map): gef_fild02;
Gobline Xmas;(AS);1176;25;282;171;Medium;Demi-Human;Wind 1;118-140;53;38;1;25;20;45;10;5;Iron(2.7%), Scell(12%), Rough Oridecon(0.43%), Goblini Mask(0.03%), Dirk(3s)(0.1%), Buckler(1s)(0.05%), Santa Hat(0.4%), Goblin Card(0.01%);Unknown;
Golden Theif Bug;(SLB);86000;64;14300;7150;Large;Insect;Fire 2;870-1145;75;85;65;35;45;150;60;45;Gold(10%), Golden Mace(1s)(1.5%), Golden Gear(2.5%), Golden Bell(5%), Emperium(3%), Elunium(20%), Oridecon(15%), Golden Thiefbug Card(0.01%);MVP: Gold Ring(20%), Ora Ora(10%);Unknown;
Golem;(D);3900;25;465;94;Large;None;Normal 3;175-187;15;15;1;25;0;0;40;0;Steel(1.5%), Stone Heart(55%), Scell(12%), Rough Elunium(0.61%), Coal(1.2%), Yellow Gemstone(2%), Golem Card(0.03%);(World Map): cmd_fild04, moc_fild08;
Grand Peco;(A);8054;58;2387;1361;Large;Brute;Fire 2;444-565;67;71;1;66;83;51;37;30;Apple(50%), Mastela Fruit(3%), Wind of Verdure(10%), Gold(1%);(World Map): ama_fild01, gon_fild01;
Greatest General;(AI);3632;40;1238;752;Medium;None;Fire 2;350-400;20;82;1;60;55;140;15;15;Brigan(20%), Trunk(20%), Club(3s)(1%), Stop Post(0.01%), Yellow potion(1.5%), Amulet(0.35%);(World Map): cmd_fild01, cmd_fild03, pay_fild09;
Green Plant;(I);10;1;0;0;Small;Plant;Earth 1;0;0;0;0;0;0;0;100;99;Green Herb(70%), Flower(10%), Bitter Herb(0.2%), Stem(30%), Pointed Scale(15%), Aloe(0.5%), Aloe Leaflet(0.5%), Romantic Leaf(0.02%);(World Map): gef_fild00, gef_fild01, gef_fild02, gef_fild03, gef_fild04, gef_fild07, gef_fild10, mjolnir_01, mjolnir_02, mjolnir_03, mjolnir_04, mjolnir_07, mjolnir_08, mjolnir_10, mjolnir_11, moc_fild02, moc_fild03, moc_fild10, pay_fild01, pay_fild02, pay_fild03, pay_fild04, pay_fild05, pay_fild06, pay_fild07, pay_fild08, pay_fild09, pay_fild10, prt_fild00, prt_fild01, prt_fild03, prt_fild04, prt_fild05, prt_fild06;
Grizzly;(AS);11733;68;3341;2012;Large;Brute;Fire 3;809-1076;54;70;1;68;92;61;44;32;Oridecon(75%), Animal Skin(75%), Apple(25%);Unknown;
Gryphon;(ASM);27800;72;5896;4400;Large;Brute;Wind 4;880-1260;95;115;68;78;65;75;35;35;Talon of Griffon(10%), Brigan(55%), Oridecon(1.85%), Rough Wind(1.5%);(World Map): cmd_fild08;
Gullinbursti;(ASM);20890;62;5814;2376;Large;Brute;Earth 2;699-1431;25;70;55;60;5;45;10;15;Mane(35%), Awakening Potion(2.9%), Animal Gore(0.06%), Eagle Eyes(0.01%), Anodyne(0.15%), Belt(1s)(0.01%), Zargon(1.6%);Unknown;
Harpy;(AS);16599;70;3562;2133;Medium;Evil Spirit;Wind 3;956-1231;112;74;1;72;103;76;42;44;Apple(55%), Apple(25%), Orange Potion(15%), Yellow potion(8%);Unknown;
Heater;(AS);15648;68;5688;2359;Medium;Brute;Fire 2;682-1007;47;71;69;25;5;100;40;42;Turtle Shell(45.5%), Broken Shell(7.5%), Red Potion(24%), Zargon(16.4%), Royal Jelly(1.4%), Brigan(6%), Mace(4s)(0.02%), Burnt Tree(12.5%);Unknown;
Hode;;2282;26;393;248;Medium;Brute;Earth 2;146-177;26;49;1;42;5;40;0;30;Green Live(1.2%), Earthworm Peeling(55%), Rough Elunium(0.7%), Sticky Mucus(30%), Star Dust(0.3%), Foolishness of the Blind(0.01%), Fatty Chubby Earthworm(0.2%), Hode Card(0.02%);(World Map): cmd_fild09, moc_fild14, moc_fild16, moc_fild17, moc_fild18;
Horn;(D);659;18;134;86;Medium;Insect;Earth 1;58-69;18;47;22;28;10;15;10;0;Green Live(0.8%), Emveretarcon(0.35%), Horn(55%), Guisarme(3s)(0.15%), Shell(55%), Solid Shell(0.7%), Horn Card(0.01%);(World Map): gef_fild10, mjolnir_06, mjolnir_07, mjolnir_08, mjolnir_09, mjolnir_11, pay_fild11;
Hornet;(ST);169;8;19;15;Small;Insect;Wind 1;22-27;20;17;6;8;10;5;5;5;Wind of Verdure(0.5%), Bee Sting(55%), Jellopy(35%), Main Gauche(4s)(0.15%), Green Herb(3.5%), Honey(1%), Hornet Card(0.1%);(World Map): gef_fild01, gef_fild09, mjolnir_01, mjolnir_05, prt_fild00, prt_fild04;
Horong;(A);1939;34;786;479;Small;None;Fire 4;275-327;34;50;1;10;0;0;99;50;Stone Heart(65%), Zargon(5%), Bomb Wick(0.05%), Fire Arrow(100%), Rough Elunium(1.18%), Baked Yam(0.2%), Alcohol(0.5%), Horong Card(0.01%);(World Map): pay_fild10;
Hunter Fly;(AS);5242;42;1517;952;Small;Insect;Wind 2;246-333;105;72;33;32;15;30;25;15;Rough Wind(0.3%), Steel(1%), Solid Shell(55%), Zargon(13%), Rough Oridecon(1.29%), Mini Propeller(0.01%), Damascus(2s)(0.02%), Hunter Fly Card(0.01%);Unknown;
Hydra;(AI);660;14;59;40;Small;Plant;Water 2;22-28;14;40;1;14;0;2;0;40;Emveretarcon(0.25%), Tentacle(55%), Sticky Mucus(15%), Detrimindexta(0.2%), Panacea(0.05%), Meat(7%), Hydra Card(0.01%);Unknown;
Incubus;(AS);17281;75;5254;4212;Medium;Evil Spirit;Shadow 3;1408-1873;97;89;1;95;150;87;58;46;Mastela Fruit(15%), White Potion(55%), Unknown(1%), Gold Ring(5%), Diamond Ring(1.5%), White Potion(12%);Unknown;
Injustice;(AS);7600;51;2118;1488;Medium;Undead;Shadow 2;480-600;42;71;84;39;0;35;0;0;Steel(1.2%), Brigan(55%), Jamadhar(1s)(0.02%);Unknown;
Iron Fist;(A);4221;47;1435;1520;Medium;Insect;Normal 3;430-590;25;81;1;15;10;20;40;5;Tail of Steel Scorpion(55%), Rough Elunium(2.29%), Rough Elunium(0.22%), Iron Ore(8.5%), Steel(1.8%), Iron(3%), Scorpion Card(0.02%);Unknown;
Isis;(AM);4828;43;2396;993;Large;Evil Spirit;Shadow 1;423-507;65;72;38;43;30;15;10;35;Scale Shell(55%), Circlet(1s)(0.05%), Necklace(0.01%), Cracked Diamond(1.5%), 3carat Diamond(0.2%), Shining Scale(10%), 2carat Diamond(0.05%), Isis Card(0.01%);Unknown;
Jakk;(AS);3581;38;1113;688;Medium;None;Fire 2;315-382;38;75;1;38;43;45;5;30;Jack o' Pumpkin(55%), Zargon(9%), Elunium(0.31%), Tights(1s)(0.05%), Necklace of Oblivion(0.05%), Pumkin(10%), Jakk Card(0.02%);Unknown;
Jakk Xmas;(AS);3581;38;1113;688;Medium;None;Fire 2;315-382;38;75;1;38;43;45;5;30;Jack o' Pumpkin(55%), Zargon(9%), Elunium(0.31%), Tights(1s)(0.05%), Necklace of Oblivion(0.05%), Pumkin(10%), Santa Hat(0.7%), Jakk Card(0.02%);Unknown;
Joker;(AS);12450;57;3706;2362;Large;Demi-Human;Wind 4;621-738;143;98;1;47;75;175;10;35;Zargon(20%), Old Card Album(0.02%), Contracts in Shadow(0.2%), Orange Potion(10%), Katar of Piercing Wind(0.01%), Oridecon(1%), Joker Card(0.01%);(World Map): glast_01;
Kaho;(AS);1141;24;287;176;Medium;Evil Spirit;Fire 4;128-156;24;44;1;24;25;5;0;50;Flame Heart(0.3%), Coal(1%), Stone Heart(30%), Scell(10%), Rough Elunium(0.1%), Red Gemstone(1%), Alcohol(0.05%);Unknown;
Khalitzburg;(ASM);19276;63;4378;2750;Large;Undead;Undead 1;875-1025;65;73;58;48;5;40;45;10;Skel-Bone(80%), Elunium(1.91%), Bone Helm(0.01%), Mirror Shield(1s)(0.02%), Chivalry Emblem(0.1%), White Potion(10%), Saber(3s)(0.02%), Khalitzburg Card(0.01%);(World Map): glast_01;
Killer Mantis;(ASM);12911;56;6509;2366;Medium;Insect;Earth 1;764-927;26;75;5;24;5;40;35;20;Mantis Scythe(45.5%), Solid Shell(25%), Emerald(0.1%), White Potion(0.05%), Awakening Potion(0.25%), Goggles(0.03%), Mirror Shield(1s)(0.01%), Cyfar(25%);(World Map): yuno_fild03;
Knight Guardian;(AS);30214;86;1;1;Large;Demi-Human;Normal 4;1280-1560;40;125;110;140;65;65;55;30;Unknown;Unknown;
Kobold Axe;(A);3893;36;988;625;Medium;Demi-Human;Wind 2;265-318;90;52;1;36;30;20;15;10;Steel(0.8%), Blue Hair(55%), Zargon(7%), Elunium(0.25%), Gladius(3s)(0.02%), Buckler(1s)(0.05%), Cobold Card(0.01%);(World Map): gef_fild08, gef_fild12;
Kobold Hammer;(A);2179;31;806;407;Medium;Demi-Human;Poison 2;262-324;31;46;1;31;20;20;15;10;Steel(0.7%), Blue Hair(55%), Zargon(2%), Buckler(1s)(0.03%), Orange Potion(1%), Guard(1%), Cobold Card(0.01%);(World Map): gef_fild08, gef_fild12;
Kobold Morning Star;(A);2179;31;644;407;Medium;Demi-Human;Fire 2;186-216;31;88;1;31;20;20;15;10;Red Blood(0.35%), Steel(0.6%), Blue Hair(55%), Zargon(2%), Buckler(1s)(0.03%), Orange Potion(1%), Cobold Card(0.01%);(World Map): gef_fild08, gef_fild12;
Kobold ??;(A);3503;30;481;290;Medium;Demi-Human;Water 2;168-199;30;50;1;30;20;20;15;10;Steel(0.5%), Blue Hair(55%), Zargon(1%), Hammer(3s)(0.05%), Buckler(1s)(0.03%), Orange Potion(1%), Axe(3s)(1.5%), Cobold Card(0.01%);(World Map): gef_fild08;
Kobold ?;(A);2462;30;481;290;Medium;Demi-Human;Earth 2;168-199;30;45;1;60;20;20;15;10;Steel(0.4%), Blue Hair(55%), Zargon(1%), Morning Star(2s)(0.05%), Buckler(1s)(0.03%), Orange Potion(1%), Club(3s)(1.5%), Cobold Card(0.01%);(World Map): gef_fild08;
Kobold Archer;(AS);2560;33;739;455;Small;Demi-Human;Fire 1;155-185;20;100;10;15;30;25;10;5;Zargon(1%), Steel(0.6%), Blue Hair(50%), Poison Arrow(20%), Cross Bow(3s)(0.05%), Rough Oridecon(0.79%);(World Map): cmd_fild06, cmd_fild08, cmd_fild09, gef_fild12;
Kobold Leader;(ASM);17935;65;7432;2713;Medium;Demi-Human;Wind 2;649-957;90;77;5;36;30;59;37;37;Steel(4.5%), Blue Hair(65%), Zargon(12%), Flail(3s)(0.06%), Mighty Staff(0.02%), Panacea(1.5%), Royal Jelly(1%), Cyfar(15%);(World Map): gef_fild12;
Kukre;(L);507;11;38;28;Small;Amphibia;Water 1;28-37;11;16;1;11;5;2;15;0;Crystal Blue(0.3%), Worm Peeling(55%), Garlet(4%), Monster's Feed(5%), Red Herb(6.5%), Insect Feeler(4.5%), Earthworm the Dude(0.2%), Kukre Card(0.05%);Unknown;
Lava Golem;(AS);24324;77;6470;3879;Large;None;Fire 4;1541-2049;57;76;1;115;127;68;65;50;Apple(50%), Apple(38%), Full Plate(2%), Full Plate(1s)(1%);Unknown;
Leib Olmai;(ASM);23731;58;6011;2171;Large;Brute;Earth 1;740-1390;35;64;5;95;5;85;27;31;Bear's Footskin(45.5%), Poo Poo Hat(0.08%), Puppet(1.2%), Honey(5%), Gold(0.05%), Cyfar(8%);Unknown;
Lord of Death;(ASM);303383;94;10;10;Large;Evil Spirit;Shadow 3;2430-4104;99;100;1;120;169;106;77;73;Apple(55%), Yggdrasilberry(25%), Unknown(0.2%), Glove(1s)(2%);Unknown;
Lunatic;;60;3;6;2;Small;Brute;Normal 3;9-12;3;8;1;3;10;60;0;20;Clover(65%), Feather(10%), Pierrot Nose(0.04%), Sword(4s)(1%), Apple(6%), Carrot(11%), Rainbow Carrot(0.2%), Lunatic Card(0.15%);(World Map): mjolnir_07, mjolnir_08, moc_fild03, pay_fild01, pay_fild02, pay_fild03, pay_fild06, prt_fild00, prt_fild01, prt_fild02, prt_fild03, prt_fild04, prt_fild05, prt_fild06, prt_fild07, prt_fild08, prt_fild10, prt_fild11;
Magnolia;(L);3195;26;393;248;Small;Evil Spirit;Water 1;120-151;26;39;1;26;0;5;5;30;Old Frying Pan(55%), Garlet(8%), Scell(1%), Zargon(0.1%), Black Ladle(0.2%), Magnolia Card(0.01%);Unknown;
Majoruros;(ASM);56791;66;8525;3799;Large;Brute;Fire 2;781-1301;50;85;65;75;50;48;10;25;Nose Ring(45.5%), Two-handed Axe(2s)(0.04%), Berserk Potion(3%), Oridecon(0.16%), White Potion(8.5%), Silver Ring(1.6%), Clip(1s)(0.01%), Star Crumb(2.5%);Unknown;
Mandragora;(AI);405;12;45;32;Medium;Plant;Earth 3;26-35;12;36;1;24;0;15;0;25;Green Live(0.5%), Stem(55%), Spear(4s)(0.3%), Green Herb(3.5%), Shoot(3%), Four Leaf Clover(0.01%), Mandragora Card(0.01%);(World Map): mjolnir_01, prt_fild02;
Mantis;(A);2472;26;393;248;Medium;Insect;Earth 1;118-149;26;45;1;24;5;15;10;0;Green Live(1.1%), Mantis Scythe(55%), Scell(14%), Rough Elunium(0.7%), Solid Shell(2.5%), Emerald(0.1%), Red Potion(6.5%), Mantis Card(0.01%);(World Map): mjolnir_05, mjolnir_12;
Marc;(AS);6900;36;988;625;Medium;Amphibia;Water 2;220-280;36;56;1;36;20;30;5;10;Mystic Frozen(0.18%), Gill(55%), Rough Oridecon(0.95%), Fin(10%), Aquamarine(0.1%), Blue Gemstone(2%), White Herb(6%), Marc Card(0.01%);Unknown;
Marduk;(AM);4214;40;1238;752;Large;Demi-Human;Fire 1;315-382;40;78;1;20;79;20;0;60;Flame Heart(0.35%), Cultish Masque(45%), Staff(3s)(0.1%), Celebrant's Mitten(0.01%), Wand of Occult(0.03%), Old Magicbook(0.08%), Book of Devil(0.2%), Marduk Card(0.01%);Unknown;
Marin;;742;15;66;44;Medium;Plant;Water 2;39-43;10;35;1;10;5;15;0;10;Garlet(32%), Sticky Mucus(15%), Crystal Blue(0.4%), Aquamarine(0.4%), Blue Herb(0.75%), Candy(3.5%), Poring Card(0.1%);Unknown;
Marina;;2087;21;218;140;Small;Plant;Water 2;84-106;21;36;1;21;0;10;0;5;Single Cell(50%), Sticky Mucus(15%), Crystal Blue(0.45%), Mystic Frozen(0.02%), Blue Gemstone(2%), Deadly Noxious Herb(0.2%), Marina Card(0.01%);Unknown;
Marine Sphere;(I);3518;28;461;284;Small;Plant;Water 1;0;28;33;1;28;0;50;0;40;Tendon(55%), Detonator(5%), Chain(3s)(0.1%), Aquamarine(0.1%), Blue Gemstone(1.5%), Transparent Head Protector(0.1%), Marine Sphere Card(0.03%);Unknown;
Marionette;(A);3222;41;1078;1276;Small;Evil Spirit;Spiritual 3;355-422;62;69;1;36;44;45;0;25;Golden Hair(55%), Stellar(0.02%), Brooch(0.01%), Necklace of Oblivion(0.1%), Trunk(3%), Crystal Pumps(0.01%), Awakening Potion(2%), Marionette Card(0.01%);Unknown;
Marse;(D);5034;31;586;370;Small;Amphibia;Water 2;211-252;31;52;1;25;5;30;0;5;Squid Ink(55%), Tentacle(30%), Blue Gemstone(2%), Aquamarine(0.1%), Mystic Frozen(0.12%), Necklace of Wisdom(0.05%), Awakening Potion(2%), Mars Card(0.02%);Unknown;
Martin;;1109;18;134;86;Small;Brute;Earth 2;52-63;18;15;12;30;15;5;0;5;Mole Whiskers(65%), Mole Claw(5%), Jur(3s)(0.1%), Goggles(1s)(0.05%), Safety Helmet(0.01%), Battered Pot(0.1%), Martin Card(0.02%);(World Map): gef_fild00;
Mastering;(AM);2100;2;30;10;Medium;Plant;Water 1;18-24;2;17;1;2;1;13;15;30;Snow Horn(2%), Unripe Apple(0.5%), Pearl(10%), Poring Doll(15%), Apple(80%), Apple(80%), Apple Juice(40%), Poring Card(1%);(World Map): mjolnir_10;
Matyr;(A);2585;31;967;407;Medium;Brute;Shadow 1;134-160;47;64;1;38;5;5;0;0;Matyr's Leash(0.1%), Monster's Feed(50%), Animal Skin(55%), Pet Food(4%), Rough Elunium(1%), Awakening Potion(2%), Matyr Card(0.01%);Unknown;
Maya;(ASB);169000;81;42900;17875;Large;Insect;Earth 4;1800-2070;97;82;95;76;95;105;60;25;Queen's Hair Ornament(5%), Safety Ring(2%), Tiara(2%), Armlet of Obedience(5%), Mother's Nightmare(0.1%), Elunium(35%), Oridecon(25%), Maya Card(0.01%);MVP: 1carat Diamond(20%), Old Blue Box(30%), Old Purple Box(20%);Unknown;
Maya Puple;(ASM);54331;81;10496;3893;Large;Insect;Earth 4;1446-1999;90;90;95;80;95;119;68;48;Cyfar(45.5%), Rough Elunium(2.5%), Rough Oridecon(3%), Gold(1%), Oridecon(1.5%), Elunium(1%), Armlet of Obedience(0.5%), Queen's Hair Ornament(0.01%);Unknown;
Medusa;(AS);5602;47;1436;1510;Large;Evil Spirit;Spiritual 2;429-511;71;48;1;47;45;20;5;45;Dead Medusa(55%), Horrendous Hair(2%), Arbalest(2s)(0.02%), Necklace of Wisdom(0.1%), White Potion(1.5%), Medusa Card(0.01%);Unknown;
Megalith;(A);5300;45;1758;1075;Large;None;Normal 4;264-314;45;95;1;60;5;5;50;25;Zargon(1%), Stone(10%), Old Purple Box(0.01%), Elunium(0.61%), Rough Elunium(2.07%);Unknown;
Megalodon;;1648;24;215;132;Medium;Undead;Undead 1;155-188;12;26;1;24;0;5;0;15;Stinky Scale(55%), Skel-Bone(15%), Blue Herb(0.8%), Blue Gemstone(1.2%), Amethyst(0.1%), Old Blue Box(0.02%), Rotten Fish(0.2%), Megalodon Card(0.02%);Unknown;
Merman;(AS);12300;53;2899;2054;Medium;Demi-Human;Water 2;482-603;62;95;72;46;15;75;10;35;Ancient Lips(13%), Holy Water(3%), Berserk Potion(2%), Aquamarine(0.4%), Mystic Frozen(0.35%), Trident(2s)(0.03%), Rough Oridecon(2.03%);Unknown;
Metaller;(SL);926;22;241;152;Medium;Insect;Fire 1;131-159;22;49;1;22;20;50;15;30;Red Blood(0.6%), Grasshopper's Leg(65%), Scell(4%), Rough Elunium(0.49%), Singing Plant(0.2%), Shell(30%), Metaller Card(0.01%);(World Map): mjolnir_12, moc_fild08, moc_fild14, moc_fild16, moc_fild17;
Mimic;(A);6120;51;165;165;Medium;None;Normal 3;150-900;121;75;44;1;60;110;10;40;Old Purple Box(0.05%), Old Blue Box(0.45%), Trap(12%), Magnifier(30%), Emperium(0.03%), Rosary(1s)(0.01%), Rough Elunium(2.7%);Unknown;
Mini Demon;(ASM);31865;68;8396;3722;Small;Evil Spirit;Shadow 1;1073-1415;75;89;5;40;55;42;30;25;Little Evil Horn(45.5%), Little Evil Wing(4.5%), Evil Wing(0.06%), Rough Elunium(1.6%), Zargon(25%), Hand of God(0.1%), Lance(0.03%), Brigan(25%);Unknown;
Minorous;(A);7431;52;2750;1379;Large;Brute;Fire 2;590-770;42;52;65;61;66;25;15;5;Nose Ring(55%), Rough Oridecon(1.96%), Two-handed Axe(2s)(0.02%), Hammer of Blacksmith(0.1%), Sweet Potato(15%), Axe(3s)(2%), Berserk Potion(1.5%), Minorous Card(0.01%);Unknown;
Mistress;(ASB);212000;74;39325;27170;Small;Insect;Wind 4;880-1110;165;70;50;60;95;130;40;60;Gungnir(1.5%), Honey(100%), Coronet(2.5%), Old Card Album(10%), Young Twig(0.1%), Elunium(44%), Oridecon(33%), Mistress Card(0.01%);MVP: Rough Wind(15%), Royal Jelly(40%), Pearl(30%);(World Map): mjolnir_05;
Mobster;(AS);11347;61;4424;1688;Medium;Demi-Human;Normal 1;910-1128;46;76;76;20;35;55;41;37;Poison Knife(0.03%), Ring(0.02%), Unknown(0.01%), Red Gemstone(6%), Zargon(25%), Panacea(4.5%), Blue Potion(0.6%), Sapphire(47%);(World Map): cmd_fild02;
Moonlight;(ASB);120000;51;27500;14300;Medium;Evil Spirit;Fire 3;1200-1700;99;95;55;55;82;120;10;55;Puppy Love(2%), Nine Tails(55%), White Potion(15%), Topaz(5%), Elunium(6%), Punisher(2.5%), Moonlight Flower Card(0.01%);MVP: Haedonggum(4%), Emperium(1%), Rough Oridecon(40%);Unknown;
Muka;;570;15;72;48;Large;Plant;Earth 1;40-49;15;20;15;30;5;10;5;5;Green Live(0.7%), Cactus Needle(55%), Empty Bottle(20%), Green Herb(4%), Red Herb(10%), Guisarme(2s)(0.5%), Iron Ore(3.5%), Muka Card(0.02%);(World Map): moc_fild06, moc_fild09, moc_fild16, prt_fild09;
Mummy;(AS);5176;37;789;493;Medium;Undead;Undead 2;305-360;19;75;28;32;0;20;0;10;Rotten Bandage(55%), Rough Oridecon(1%), Memento(1%), Glove(0.01%), Silver Ring(0.1%), Mummy Card(0.01%);Unknown;
Munak;(AS);2872;30;361;218;Medium;Undead;Undead 1;180-230;15;46;1;20;5;15;0;0;Daenggie(55%), Munak Hat(0.01%), Shoes(1s)(0.15%), Amulet(0.2%), Ninja Suit(0.01%), Adventurer's Suit(1%), Girl's Diary(1s)(0.05%), Munak Card(0.03%);(World Map): pay_fild10;
Mutant Dragon;(ASM);42600;65;4730;3536;Large;Dragon;Fire 2;2400-3400;47;45;75;30;68;35;15;20;Brigan(55%), Dragon Canine(5%), Dragon Scale(5%), Rotten Bandage(5%), Belt(1s)(0.3%);(World Map): cmd_fild03;
Myst;(AS);3745;38;1391;688;Large;None;Poison 1;365-445;38;53;1;18;0;10;0;40;Apple(0.02%), Trunk(8%), Wig(0.1%), Rough Oridecon(0.65%), Rough Elunium(0.97%), Mist Card(0.02%);Unknown;
Mystcase;(D);3450;38;1113;688;Medium;None;Normal 3;160-360;50;48;65;25;5;75;5;10;Trunk(20%), Zargon(15%), Old Blue Box(0.1%), Piece of Cake(8%), Pearl(1%), Apple(1%);Unknown;
Mysteltainn;(AS);33350;76;6457;5159;Large;None;Shadow 4;1160-1440;139;159;77;80;35;65;30;30;Loki's Whispers(0.01%), Katana(4s)(1%), Slayer(3s)(0.7%), Bastard Sword(3s)(0.4%), Claymore(0.02%), Steel(1.2%), Oridecon(2.43%);Unknown;
Neraid;(AS);4120;40;1126;684;Small;Brute;Earth 1;325-360;45;64;1;50;5;5;0;10;Earthworm Peeling(55%), Cyfar(10%), Blue Herb(2.3%), Blue Gemstone(2.5%), Awakening Potion(2.5%), Elunium(0.37%);Unknown;
Nightmare;(A);4437;49;1729;1787;Large;Evil Spirit;Spiritual 3;447-529;74;64;1;25;15;10;0;40;Horseshoe(55%), Blue Herb(5%), Rosary(0.02%), Old Blue Box(0.3%), Blue Potion(1%), Infiltrator(0.01%), Oridecon(0.6%), Nightmare Card(0.01%);(World Map): cmd_fild05;
Nightmare Terror;(A);22605;78;6683;4359;Large;Evil Spirit;Shadow 3;757-1007;76;77;1;55;87;54;37;37;Apple(55%), Rosary(1s)(0.1%), Rosary(0.3%), Blue Potion(0.5%), Blue Herb(0.15%);Unknown;
Nine Tail;(AS);9466;51;1650;825;Medium;Brute;Fire 3;610-734;80;89;1;46;1;85;10;25;Nine Tails(55%), Animal Skin(70%), Old Blue Box(1%), Dead Branch(1%);Unknown;
Obeaune;(A);3952;31;644;407;Medium;Amphibia;Water 2;141-165;31;74;1;31;55;85;0;40;Mystic Frozen(0.13%), Heart of Mermaid(55%), Fin Helm(0.01%), Saint's Robe(1s)(0.1%), Aquamarine(0.05%), Fin(5%), Obeaune Card(0.02%);Unknown;
Orc Warrior;(AS);1400;24;261;160;Medium;Demi-Human;Earth 1;104-126;24;34;1;48;25;10;10;5;Iron(2.1%), Orcish Voucher(55%), Rough Oridecon(0.4%), Cigar(0.03%), Battle Axe(4s)(0.1%), Orcish Axe(0.05%), Axe(3s)(1%), Orc Warrier Card(0.01%);(World Map): gef_fild10, gef_fild14;
Orc Archer;(A);7440;49;1729;1787;Medium;Demi-Human;Earth 1;310-390;44;125;1;25;20;20;10;5;Fang(55%), Steel Arrow(10%), Stone Arrow(25%), Arrow of Wind(25%), Gakkung(2s)(0.02%), Red Potion(14%), White Herb(9%);(World Map): gef_fild14;
Orc Hero;(ASB);19540;60;9000;2000;Large;Demi-Human;Earth 2;1800-2250;60;85;1;120;1;60;48;24;Heroic Emblem(55%), Orc's Fang(80%), Sardonyx(5%), Zargon(30%), Orcish Sword(1%), Oridecon(5%), Monkey Circlet(2%), Orc Hero Card(0.01%);MVP: Light Epsilon(1%), Bloody Axe(1%), Elunium(8%);(World Map): gef_fild14;
Orc Lady;(ASM);2000;31;644;407;Medium;Demi-Human;Earth 2;135-170;42;69;35;25;15;55;10;10;Cyfar(55%), Iron(3%), Earring(0.01%), Rough Oridecon(0.4%), Battle Axe(4s)(0.1%), Yellow Herb(9%);(World Map): gef_fild10, gef_fild14;
Orc Lord;(ASB);333000;74;62205;8580;Large;Demi-Human;Earth 4;2700-3150;82;110;85;149;70;85;40;5;Bloody Axe(2%), Ring(5%), Grand Circlet(1.5%), Belt(1s)(10%), Elunium(44%), Oridecon(31%);MVP: Heroic Emblem(55%), Old Purple Box(20%);Unknown;
Orc Skeleton;(AS);2278;28;315;194;Medium;Undead;Undead 1;190-236;14;30;1;18;0;15;10;10;Orc's Fang(55%), Skel-Bone(35%), Rough Elunium(0.8%), Orc Helm(0.02%), Buster(2s)(0.1%), Green Potion(0.5%), Orc Skeleton Card(0.01%);Unknown;
Orc Zombie;(AS);1568;24;196;120;Medium;Undead;Undead 1;151-184;12;24;1;24;0;5;5;10;Orc Claw(55%), Sticky Mucus(30%), Emperium(0.01%), Orc Zombie Card(0.02%);Unknown;
High Orc;(ASM);6890;52;3618;1639;Large;Demi-Human;Fire 2;428-533;46;82;55;55;35;40;15;5;Ogre Tooth(25%), Orcish Axe(0.1%), Steel(0.9%), Orcish Voucher(75%), Zargon(13%), Rough Oridecon(1.96%), Orange Potion(9%), Orc Warrier Card(0.01%);(World Map): gef_fild14;
Osiris;(ASB);306700;62;15420;6600;Medium;Undead;Undead 4;1000-2880;85;128;1;62;37;40;24;45;Memento(20%), Rotten Bandage(80%), Yggdrasil Seed(5%), Osiris Doll(0.5%), Hand of God(1%), Elunium(5%), Oridecon(7%), Osiris Card(0.01%);MVP: Crown(10%), Emperium(5%), Eye of Dullahan(1%);Unknown;
Owl Baron;(ASM);59489;75;10967;4811;Large;Evil Spirit;Normal 3;1252-1609;25;95;25;80;95;55;65;25;Tattered Clothes(35%), Soft Feather(25%), Gakkung(2s)(0.02%), Soul Staff(0.01%), Javelin(4s)(0.25%), Morning Star(2s)(0.1%), Magician Hat(0.05%), Brigan(25%);Unknown;
Owl Duke;(AS);37805;75;7217;3474;Large;Evil Spirit;Normal 3;716-911;45;79;15;40;75;88;27;49;Tattered Clothes(45.5%), Soft Feather(15%), Gakkung(2s)(0.01%), Crystal Mirror(0.01%), Guisarme(2s)(0.03%), Morning Star(1s)(0.02%), Magician Hat(0.01%), Brigan(15%);(World Map): glast_01;
Panzer Goblin;(ASM);13838;59;7212;2697;Medium;Demi-Human;Wind 2;682-877;60;81;60;40;20;160;41;28;Cyfar(45.5%), Brigan(35%), Steel(1.8%), Iron(3.6%), Coal(5.8%), Bouquet(8%), Flame Heart(1.6%);(World Map): gef_fild11;
Pasana;(A);2274;33;672;414;Medium;Demi-Human;Fire 2;212-248;33;76;1;54;10;15;15;5;Rough Oridecon(0.79%), Bastard Sword(3s)(0.25%), Katana(3s)(0.5%), Helm(0.4%), Yellow potion(0.6%), Berserk Potion(1%), Chivalry Emblem(0.05%), Pasana Card(0.01%);Unknown;
Pecopeco;(STM);531;13;85;36;Large;Brute;Fire 1;35-46;13;27;1;13;25;9;0;0;Bill of Birds(55%), Sandals(1s)(0.2%), Yellow Herb(0.5%), Red Herb(9%), Wand(2s)(1%), Pecopeco Card(0.03%);(World Map): cmd_fild09, moc_fild01, moc_fild04, moc_fild10, moc_fild13;
Pecopeco Egg;(I);420;3;4;4;Small;None;Normal 3;0;1;1;1;1;0;20;20;20;Phracon(2.5%), Shell(15%), Guard(1s)(0.02%), Red Potion(4%), Red Potion(4%), Empty Bottle(18%), China(0.1%), Pecopeco Egg Card(0.02%);(World Map): cmd_fild09, moc_fild01, moc_fild02, moc_fild04, moc_fild05, moc_fild06, moc_fild07, moc_fild09, moc_fild10, moc_fild13, prt_fild09;
Penomena;(AS);7256;57;2870;2200;Medium;Amphibia;Poison 1;415-565;5;136;1;35;15;30;5;50;Coral Reef(55%), Tentacle(80%), Sticky Mucus(70%), Panacea(2%), Amethyst(0.15%), Katar of Raging Blaze(0.01%), Red Gemstone(5.5%), Hydra Card(0.01%);Unknown;
Permeter;(D);11684;63;5523;2162;Medium;Brute;Normal 2;943-1212;59;69;69;60;5;100;46;45;Turtle Shell(45.5%), Broken Shell(0.45%), Trunk(12.4%), Red Potion(24.5%), Zargon(12.4%), Mastela Fruit(0.25%), Anodyne(0.01%), Chain(2s)(0.01%);Unknown;
Pest;(AS);3240;40;1238;752;Small;Brute;Shadow 2;375-450;60;80;1;22;5;5;0;5;Earthworm Peeling(55%), Brigan(2%), Animal Gore(0.1%), Anodyne(0.6%), Red Gemstone(2.3%), Rough Oridecon(1.15%);Unknown;
Petite Earth;(A);6881;44;1677;1034;Medium;Dragon;Earth 1;360-427;44;79;1;62;69;60;30;30;Dragon Canine(55%), Dragon Tail(3%), Rough Oridecon(1.4%), White Herb(10%), Flail(2s)(1.5%), Zargon(15%), Petite Card(0.01%);(World Map): gef_fild06, mjolnir_12;
Petite Sky;(A);5747;45;1758;1075;Medium;Dragon;Wind 1;300-355;113;73;1;45;69;80;20;45;Dragon Scale(55%), Dragon Tail(3%), Elunium(0.61%), White Herb(10%), Butterfly Wing(5%), Zargon(15%), Petite Card(0.01%);(World Map): gef_fild06;
Pharaoh;(ASB);377777;85;143000;71500;Medium;Not Sure;Holy 2;2860-3360;127;120;89;70;150;200;0;70;Gemmed Sallet(1s)(0.5%), Tablet(1s)(2%), Solar Sword(1%), Holy Robe(1.5%), Elunium(59%), Oridecon(45%), Pharaoh Card(0.01%);MVP: Hand of God(1%), 1carat Diamond(5%);Unknown;
Phen;(D);3347;26;357;226;Medium;Amphibia;Water 2;138-150;26;88;1;26;0;75;0;15;Fish Tail(55%), Sharp scale(20%), Aquamarine(0.05%), Meat(10%), Fin(5%), Rough Oridecon(0.25%), Phen Card(0.01%);Unknown;
Phendark;(A);12512;58;3854;2320;Medium;Demi-Human;Normal 3;897-1120;108;85;1;50;58;10;0;0;Tongue(40%), Executioner's Mitten(0.04%), White Potion(8%), Oridecon(1.05%);Unknown;
Phreeoni;(ASB);188000;46;5400;1000;Large;Brute;Normal 3;880-1530;85;196;1;78;35;60;30;45;Tongue(55%), Fortune Sword(0.02%), Necklace of Oblivion(0.5%), Ant Jaw(50%), 1carat Diamond(1%), Phreeoni Card(0.01%);MVP: Mr. Scream(10%), Rough Oridecon(30%), Elunium(50%);Unknown;
Picky;;80;3;4;3;Small;Brute;Fire 1;9-12;3;10;1;3;5;30;0;0;Feather of Birds(65%), Feather(7%), Cotton Shirts(1s)(1.5%), Red Herb(5.5%), Milk(3%), Yellow Gemstone(0.5%), Picky Card(0.1%);(World Map): moc_fild01, moc_fild02, moc_fild04, moc_fild05, moc_fild06, moc_fild07, moc_fild09, moc_fild10, moc_fild11, moc_fild12, moc_fild13, prt_fild09;
Picky Shell;;83;4;5;4;Small;Brute;Fire 1;8-11;3;11;1;3;10;20;20;0;Feather of Birds(65%), Feather(7%), Egg Shell(0.1%), Red Herb(6%), Milk(3%), Yellow Gemstone(0.5%), Tiny Egg Shell(0.1%), Picky Egg Card(0.1%);(World Map): moc_fild01, moc_fild02, moc_fild04, moc_fild05, moc_fild06, moc_fild07, moc_fild09, moc_fild10, moc_fild11, moc_fild12, moc_fild13, prt_fild09;
Piere;(SL);733;18;122;78;Small;Insect;Earth 1;64-75;18;27;1;26;20;15;15;0;Worm Peeling(57%), Garlet(11%), Sticky Mucus(6%), Wind of Verdure(0.15%), Star Dust(0.05%), Iron Ore(5%), Rough Elunium(0.31%), Andre Card(0.01%);(World Map): mjolnir_11, moc_fild11, moc_fild15, moc_fild17;
Pirate Skeleton;(AS);1676;25;233;142;Medium;Undead;Undead 1;145-178;13;25;25;25;5;10;10;15;Skel-Bone(30%), Pirate Bandana(0.05%), Ring Pommel Saber(3s)(0.05%), Bandana(0.6%), Falchion(3s)(1.5%), Rough Oridecon(0.43%), Well-Dried Bone(0.2%), Pirate Skel Card(0.01%);Unknown;
Plankton;;354;10;23;18;Small;Plant;Water 3;26-31;10;15;1;10;0;0;0;5;Single Cell(55%), Garlet(3%), Sticky Mucus(7%), Alcohol(0.02%), Empty Bottle(10%), Dew Laden Moss(0.2%), Concentration Potion(0.5%), Plankton Card(0.01%);Unknown;
Poison Spore;(AS);665;19;186;93;Medium;Plant;Poison 1;89-101;19;24;1;25;0;0;0;0;Poison Spore(55%), Hat(1s)(0.2%), Green Herb(5.5%), Blue Herb(0.5%), Karvodailnirol(0.3%), Mushroom Spore(12%), Poison Spore Card(0.02%);(World Map): cmd_fild01, pay_fild05, pay_fild07, pay_fild10;
Poporing;(L);344;14;81;44;Medium;Plant;Poison 1;59-72;14;19;1;14;0;15;0;10;Sticky Mucus(55%), Garlet(15%), Green Herb(5%), Grape(2%), Zircon(0.05%), PoPoring Card(0.05%);(World Map): cmd_fild01, cmd_fild03, gef_fild02, gef_fild03, gef_fild06, gef_fild08, gef_fild10, gef_fild11, gef_fild12, gef_fild13, mjolnir_03, mjolnir_04, mjolnir_07, mjolnir_08, mjolnir_12, pay_fild04, pay_fild05, pay_fild07, pay_fild08, pay_fild09, prt_fild03, prt_fild10, prt_fild11;
Poring;(L);50;1;2;1;Medium;Plant;Water 1;7-10;1;6;1;1;0;30;0;5;Jellopy(70%), Knife(4s)(1%), Sticky Mucus(4%), Apple(10%), Empty Bottle(15%), Poring Doll(0.05%), Unripe Apple(0.2%), Poring Card(0.2%);(World Map): ama_fild01, gef_fild00, gef_fild01, gef_fild04, gef_fild05, gef_fild07, gef_fild09, mjolnir_10, moc_fild03, pay_fild01, pay_fild02, pay_fild03, pay_fild04, pay_fild06, prt_fild00, prt_fild01, prt_fild02, prt_fild04, prt_fild05, prt_fild06, prt_fild07, prt_fild08;
Punk;(A);3620;43;1699;1033;Small;Plant;Wind 1;292-365;105;65;1;5;45;20;0;45;Mould Powder(55%), Yellow Gemstone(8%), Star Dust(3%), Witched Starsand(10%), Moth Dust(30%), Fly Wing(11%), Pacifier(0.1%);Unknown;
Pupa;(I);427;2;2;4;Small;Insect;Earth 1;0;1;1;1;1;0;20;0;20;Phracon(0.8%), Chrysalis(55%), Sticky Mucus(6%), Guard(1s)(0.02%), Shell(10%), Sticky Mucus(6%), Iron Ore(3%), Pupa Card(0.07%);(World Map): gef_fild00, gef_fild04, gef_fild05, gef_fild07, mjolnir_02, pay_fild01, pay_fild02, pay_fild03, pay_fild06, pay_fild11, prt_fild00, prt_fild01, prt_fild02, prt_fild03, prt_fild05, prt_fild06, prt_fild08;
Raggler;(AS);1020;21;218;140;Small;Brute;Wind 1;102-113;10;39;18;32;20;35;0;5;Cyfar(30%), Feather of Birds(50%), Concentration Potion(2%), Wind of Verdure(0.9%), Goggles(1s)(0.07%), Rough Oridecon(0.32%);(World Map): cmd_fild02, cmd_fild04, cmd_fild07;
Raydric;(A);8613;52;3410;1795;Large;Demi-Human;Shadow 2;830-930;47;69;58;42;5;26;40;15;Elunium(1.06%), Iron Cain(0.01%), Chain Mail(1s)(0.02%), Two-handed Sword(2s)(0.02%), Katana(3s)(1%), Chivalry Emblem(0.1%), Brigan(55%), Raydric Card(0.01%);Unknown;
Raydric Archer;(AS);5250;52;3025;2125;Medium;Evil Spirit;Shadow 2;415-500;25;145;15;22;5;35;35;5;Brigan(55%), Chain Mail(1s)(0.02%), Bow(3s)(1.5%), Sharp Arrow(20%), Arbalest(2s)(0.03%), Elunium(1.06%);Unknown;
Red Mushroom;(I);15;1;0;0;Small;Plant;Earth 1;0;0;0;0;0;0;0;100;99;Alcohol(0.5%), Karvodailnirol(0.5%), Dew Laden Moss(0.2%), Feather(20%), Red Blood(10%), Mushroom Spore(55%), Mushroom Spore(55%), Poison Spore(55%);(World Map): gef_fild02, gef_fild09, mjolnir_06, mjolnir_07, mjolnir_09, moc_fild13, pay_fild02, pay_fild03, pay_fild06, pay_fild11, prt_fild10, prt_fild11;
Red Plant;(I);10;1;0;0;Small;Plant;Earth 1;0;0;0;0;0;0;0;100;99;Red Herb(55%), Flower(10%), Shoot(10%), Stem(5%), Pointed Scale(3%), Fluff(5%), Ment(0.5%), Romantic Flower(0.02%);(World Map): gef_fild05, mjolnir_02, mjolnir_05;
Requiem;(AS);3089;35;800;458;Medium;Demi-Human;Shadow 1;220-272;53;57;1;35;5;2;0;15;Old Blue Box(0.35%), Emperium(0.01%), Zargon(25%), Horrendous Mouth(35%), Memento(15%), Mantle(1s)(0.1%), Requiem Card(0.01%);Unknown;
Rideword;(AS);11638;59;2007;3106;Small;None;Normal 3;584-804;75;120;48;10;20;45;5;35;Worn Out Page(55%), Book of Billows(0.04%), Book of Mother Earth(0.04%), Book of Blazing Sun(0.03%), Book of Gust of Wind(0.02%), Bookclip in Memory(3%), Old Magicbook(0.2%);(World Map): glast_01;
Rocker;;198;9;20;16;Medium;Insect;Earth 1;24-29;9;14;1;18;10;15;5;10;Grasshopper's Leg(50%), Jellopy(55%), Green Feeler(0.04%), Javelin(4s)(0.8%), Hinalle Leaflet(0.1%), Rocker Doll(0.05%), Rocker Card(0.1%);(World Map): cmd_fild01, gef_fild05, mjolnir_09, mjolnir_11, mjolnir_12, prt_fild04, prt_fild07;
Roda Frog;;133;5;6;5;Medium;Amphibia;Water 1;11-14;5;10;1;5;5;5;0;5;Sticky Webfoot(55%), Spawn(5%), Green Herb(3%), Emerald(0.07%), Empty Bottle(20%), Roda Frog Card(0.05%);(World Map): gef_fild00, gef_fild01, gef_fild04, gef_fild05, gef_fild07, moc_fild03, pay_fild06, prt_fild00, prt_fild01, prt_fild04, prt_fild05, prt_fild06, prt_fild07, prt_fild08;
Rotar Zairo;(AS);1209;25;351;215;Medium;None;Wind 2;109-137;62;55;1;45;48;5;4;34;Apple(5%), Padded Armor(0.1%), Coat(0.1%), Steel(4.5%), Oridecon(0.1%), Zargon(25%), Garlet(55%);Unknown;
Rybio;(A);15498;57;3520;2143;Medium;Demi-Human;Normal 3;725-910;74;124;1;42;39;30;0;0;Tongue(40%), Executioner's Mitten(0.03%), White Potion(8%), 2carat Diamond(0.3%), Necklace of Oblivion(0.1%), Oridecon(1%);Unknown;
Sageworm;(D);3850;43;1155;1320;Small;Brute;Normal 3;120-280;52;79;1;24;88;55;0;50;Zargon(12%), Worn Out Page(10%), Earthworm Peeling(30%), Grampa Beard(0.05%), Blue Potion(0.4%), Apple(1%), Ph.D Hat(0.01%);(World Map): glast_01;
Sandman;(AS);3413;34;786;479;Medium;None;Earth 3;180-205;34;60;24;58;38;5;10;25;Great Nature(0.35%), Grit(55%), Rough Elunium(1.18%), Coal(2%), Star Dust(2%), Katar of Dusty Thornbush(0.01%), Sandman Card(0.01%);(World Map): cmd_fild08, moc_fild16, moc_fild17;
Santa Poring;;69;3;4;5;Medium;Plant;Holy 1;12-16;14;12;1;3;10;90;0;0;Candy(20%), Candy Cane(10%), Red Herb(10%), Apple(10%), Santa Hat(1%), Poring Doll(0.1%), Santa Poring Card(0.01%);(World Map): xmas_fild01;
Sasquatch;(AS);3163;30;529;319;Large;Brute;Normal 3;250-280;25;34;75;60;10;20;5;0;Zargon(7.5%), White Herb(8%), Feather(10%), Poo Poo Hat(0.07%), Bear's Footskin(50%), Opal(0.3%), Rough Elunium(0.9%), Bigfoot Card(0.01%);(World Map): xmas_fild01;
Savage;(D);2092;26;357;226;Large;Brute;Earth 2;120-150;26;37;1;54;10;15;10;5;Mane(55%), Awakening Potion(1.5%), Animal Gore(0.02%), Eagle Eyes(0.01%), Anodyne(0.1%), Rough Elunium(0.7%), Savage Card(0.01%);(World Map): prt_fild11;
Savage Babe;;182;7;14;12;Small;Brute;Earth 1;20-25;7;12;1;14;5;35;0;0;Animal Skin(55%), Axe(4s)(1%), Meat(5%), Arrow(10%), Feather(8.5%), Phracon(0.8%), Sweet Milk(0.2%), Savage Bebe Card(0.01%);(World Map): gef_fild05, moc_fild02, prt_fild10, prt_fild11;
Scorpion;(D);1109;24;287;176;Small;Insect;Fire 1;80-135;24;52;1;24;5;5;30;0;Red Blood(0.7%), Scorpion Tail(55%), Rough Elunium(0.57%), Solid Shell(2.1%), Fine Grit(1%), Yellow Herb(2%), Rusty Iron(0.2%), Scorpion Card(0.01%);(World Map): moc_fild08, moc_fild14, moc_fild15;
Scorpion King;(D);6354;50;2187;1346;Large;Demi-Human;Fire 1;500-603;50;83;1;47;1;30;40;10;Flame Heart(0.45%), Scorpion Nipper(55%), Hammer of Blacksmith(0.15%), Scorpion Tail(50%), Solid Shell(30%), White Potion(7%), Scorpion King Card(0.01%);Unknown;
Sea Otter;(L);14199;59;4267;2040;Medium;Brute;Water 3;650-813;36;82;5;40;25;65;33;35;Pearl(1.5%), Clam Shell(55%), Sea-otter Fur(45%), Sardonyx(0.5%), Sapphire(0.5%), Glass Bead(6.5%), Cyfar(12%);(World Map): cmd_fild04;
Shellfish;(D);920;15;66;44;Small;Amphibia;Water 1;35-42;12;32;1;8;0;5;35;0;Clam Shell(55%), Clam Flesh(10%), Stone(5%), Grit(10%), Star Dust(0.1%), Rough Elunium(0.18%);(World Map): cmd_fild02, cmd_fild04, cmd_fild07;
Shining Plant;(I);20;1;0;0;Small;Plant;Holy 1;0;0;0;0;0;0;90;100;99;Blue Herb(55%), Yellow Herb(10%), White Herb(10%), Illusion Flower(0.05%), Yggdrasil Seed(0.2%), Honey(5%), Yggdrasilberry(0.5%), Emperium(0.01%);(World Map): gef_fild02, gef_fild06, gef_fild07, mjolnir_01, mjolnir_03, mjolnir_04, mjolnir_05, mjolnir_10, moc_fild11, moc_fild14, pay_fild04, pay_fild06, pay_fild08, pay_fild09, prt_fild00, prt_fild02, prt_fild10;
Side Winder;(AM);4929;43;1996;993;Medium;Brute;Poison 1;240-320;43;115;38;40;15;20;5;10;Shining Scale(55%), Zargon(14%), Rough Oridecon(1.34%), Tsurugi(2s)(0.02%), Venom Canine(25%), Snake Scale(50%), White Herb(10%), Sidewinder Card(0.01%);(World Map): cmd_fild08;
Skel Worker;(AS);2872;30;397;240;Medium;Undead;Undead 1;242-288;15;42;1;30;5;10;0;15;Iron(4%), Lantern(55%), Rough Elunium(0.9%), Safety Helmet(0.02%), Steel(1%), Coal(2%), Skel Worker Card(0.01%);Unknown;
Skeleton;(D);234;10;18;14;Medium;Undead;Undead 1;39-47;5;12;1;10;0;0;10;10;Phracon(0.9%), Skel-Bone(8%), Mace(4s)(0.8%), Jellopy(30%), Red Herb(8.5%), Skull Ring(0.3%), Skeleton Card(0.07%);Unknown;
Skeleton General;(ASM);17043;73;8170;3370;Medium;Undead;Undead 1;910-1089;25;77;90;40;20;25;25;25;Burnt Tree(25.5%), Rough Oridecon(1.6%), Yellow potion(8%), Gladius(3s)(0.35%), Gladius(2s)(0.8%), Damascus(1s)(0.03%), Ghost Bandana(0.01%);Unknown;
Skeleton Prisoner;(A);8691;52;2466;1562;Medium;Undead;Undead 3;660-890;20;76;55;36;0;25;10;20;Manacles(35%), Spoon Stub(1%), Formal Suit(1s)(0.01%), Red Gemstone(6%), Rotten Bandage(35%), Ball'n'Chain(0.35%);Unknown;
Sleeper;(AS);8237;67;3603;2144;Medium;None;Earth 2;593-789;48;75;1;100;107;28;49;35;Apple(55%), Grit(55%), Great Nature(45%), Rough Oridecon(3%), Damascus(2s)(0.5%), Damascus(1s)(0.2%);Unknown;
Smokie;(D);641;18;134;86;Small;Brute;Earth 1;61-72;18;26;1;36;25;35;0;10;Raccoon Leaf(55%), Animal Skin(55%), Sweet Potato(8%), Kitty Band(0.02%), Racoon Doll(0.02%), Smokie Card(0.01%);(World Map): gef_fild03, gef_fild11, mjolnir_03, pay_fild08;
Smoking Orc;(A);1400;24;261;160;Medium;Demi-Human;Earth 1;114-136;24;34;1;48;20;0;10;20;Iron(2.1%), Orcish Voucher(55%), Rough Oridecon(0.4%), Cigar(0.03%), Battle Axe(4s)(0.1%), Orcish Axe(0.05%), Axe(3s)(1%), Orc Warrier Card(0.01%);Unknown;
Sohee;(D);5628;33;739;455;Medium;Evil Spirit;Water 1;210-251;33;58;1;33;10;15;0;10;Black Hair(55%), Skirt of Virgin(0.5%), Nurse Cap(0.01%), Muffler(1s)(0.05%), Stiletto(3s)(0.05%), Red Potion(10%), Sohee Card(0.01%);(World Map): ama_fild01, gon_fild01, pay_fild09;
Soldier;(D);17181;70;5596;2187;Medium;Brute;Earth 2;796-978;35;74;69;85;5;100;57;43;Turtle Shell(45.5%), Broken Shell(0.64%), Stone Fragment(8.5%), Orange Potion(21%), Zargon(12.4%), Honey(8.5%), Chain(2s)(0.01%);Unknown;
Soldier Andre;(A);1245;22;219;138;Small;Insect;Earth 2;105-127;22;40;1;44;20;10;20;0;Ant Jaw(27%), Scell(8%), Rough Elunium(0.1%), Rapier(3s)(0.15%), Star Dust(0.3%), Solid Shell(1.5%), Soldier Andre Card(0.01%);(World Map): cmd_fild03, cmd_fild05;
Soldier Deniro;(A);2047;29;450;274;Small;Insect;Earth 2;162-193;29;54;1;58;20;10;20;0;Ant Jaw(55%), Scell(20%), Rough Elunium(0.15%), Rapier(3s)(0.2%), Solid Shell(2.7%), Star Dust(0.5%), Soldier Andre Card(0.01%);Unknown;
Soldier Piere;(A);1217;23;240;149;Small;Insect;Earth 2;109-131;23;38;1;46;20;10;25;0;Ant Jaw(31%), Scell(8%), Scell(0.1%), Scimiter(3s)(0.15%), Star Dust(0.35%), Solid Shell(2%), Soldier Andre Card(0.01%);Unknown;
Soldier Skeleton;(AS);2334;29;372;226;Medium;Undead;Undead 1;221-245;15;40;1;22;5;15;10;15;Skel-Bone(55%), Rough Oridecon(0.6%), Dagger(3s)(0.12%), Red Potion(7%), Memento(0.1%), Knife(3s)(1.5%), Soldier Skeleton Card(0.01%);Unknown;
Spore;;327;9;22;17;Medium;Plant;Water 1;24-29;9;14;1;9;0;5;0;5;Mushroom Spore(50%), Red Herb(8%), Blue Herb(0.5%), Spore Doll(0.05%), Hat(0.4%), Spore Card(0.05%);(World Map): pay_fild05, pay_fild06;
Spring Rabbit;(L);12844;58;3982;1766;Medium;Brute;Earth 2;585-813;61;77;45;5;15;90;29;21;Brigan(35%), Cyfar(25%), Feather(25%), Green Herb(8%), Yellow Herb(8%), Blue Herb(2%), White Herb(8%);Unknown;
Stainer;(D);538;16;105;70;Small;Insect;Wind 1;53-64;40;30;1;16;5;5;10;0;Wind of Verdure(0.6%), Emveretarcon(0.3%), Rainbow Shell(55%), Garlet(21%), Rough Elunium(0.25%), Solid Shell(0.1%), Iron Ore(4%), Stainer Card(0.01%);(World Map): gef_fild06, gef_fild07, gef_fild08, mjolnir_08, mjolnir_09, mjolnir_11, pay_fild11;
Stalactic Golem;(D);18700;60;3872;2695;Large;None;Normal 4;950-1130;45;75;73;85;5;25;50;5;Mud Lump(20%), Brigan(55%), Star Crumb(2.5%), Great Nature(0.3%), Elunium(1.63%);Unknown;
Steam Goblin;(D);2490;35;864;495;Medium;Demi-Human;Wind 2;234-269;59;75;58;32;15;25;20;5;Scell(25%), Cyfar(40%), Iron(3%), Steel(0.55%), Coal(3.2%), Coal(3.2%), Rough Elunium(1.24%);(World Map): cmd_fild06, cmd_fild08, gef_fild02;
Steel Chonchon;(SL);530;17;109;71;Small;Insect;Wind 1;54-65;43;33;1;17;5;10;15;0;Wind of Verdure(0.7%), Steel(0.3%), Garlet(24%), Shell(35%), Solid Shell(0.3%), Iron(2%), Iron Ore(5%), Steel Chonchon Card(0.01%);(World Map): mjolnir_01, mjolnir_06, mjolnir_09, mjolnir_12, moc_fild05, moc_fild18, prt_fild09;
Stem Worm;(AM);6136;40;1452;939;Medium;Plant;Wind 1;290-375;30;79;1;26;15;35;5;10;Tough Scalelike Stem(55%), White Herb(18%), Zargon(12%), Rough Oridecon(1.15%), Great Nature(0.05%), Glaive(2s)(0.2%), Yggdrasil Seed(0.45%), Wormtail Card(0.05%);(World Map): pay_fild11;
Sting;(AS);9500;61;4081;2970;Medium;None;Earth 3;850-1032;45;120;57;55;5;85;5;30;Mud Lump(55%), Stone Arrow(15%), Glove(1s)(0.01%), Coal(1.3%), Great Nature(0.25%), Silk Ribbon(0.1%);Unknown;
Strouf;(AS);9952;40;1238;752;Large;Amphibia;Water 3;200-350;40;43;1;45;72;65;5;50;Fin(55%), Rough Oridecon(1.15%), Grampa Beard(0.02%), Trident(3s)(0.02%), Feather(30%), Aquamarine(0.2%), Gill(15%), Strouf Card(0.01%);Unknown;
Succubus;(AS);16955;85;5357;4322;Medium;Evil Spirit;Shadow 3;1268-1686;97;89;1;95;150;87;54;48;Mastela Fruit(15%), Crystal Pumps(3%), Silver Ring(5%), Diamond Ring(1.5%), Ring(0.2%), Blue Potion(10%);Unknown;
Sword Fish;(AS);4299;30;529;319;Large;Amphibia;Water 2;168-199;30;62;1;30;41;30;5;20;Mystic Frozen(0.1%), Sharp scale(55%), Rough Oridecon(0.33%), Snow Horn(0.02%), Rough Elunium(0.45%), Katana(4s)(0.25%), Gill(6%), Swordfish Card(0.01%);Unknown;
Tarou;(D);284;11;57;28;Small;Brute;Shadow 1;34-45;20;24;1;11;10;5;0;0;Rat Tail(55%), Animal Skin(30%), Feather(8%), Monster's Feed(10%), Ora Ora(0.01%), Tarou Card(0.05%);Unknown;
Thara Frog;;2152;22;219;138;Medium;Amphibia;Water 2;105-127;22;34;1;22;5;10;0;10;Emveretarcon(0.45%), Spawn(55%), Scell(6%), White Herb(0.3%), Sardonyx(0.05%), Sticky Webfoot(20%), Thara Frog Card(0.01%);(World Map): gef_fild01;
The Paper;(AS);18557;56;2849;1998;Medium;None;Normal 3;845-1124;66;71;1;52;102;79;25;24;Apple(55%), Apple(32%), Yellow potion(8%), Green Herb(20%);Unknown;
Thief Bug Male;(SL);126;6;17;5;Small;None;Normal 3;18-24;6;11;1;6;0;0;5;0;Worm Peeling(25%), Jacket(1s)(0.8%), Red Herb(3.5%), Jellopy(20%), Jacket(1.2%), Iron Ore(3.5%), Thief Bug Card(0.1%);(World Map): pay_fild02, prt_fild02, prt_fild06;
Thief Bug Female;(SL);170;10;35;18;Medium;Insect;Shadow 1;33-40;15;23;1;10;5;5;5;5;Worm Peeling(35%), Garlet(2.5%), Blade(4s)(0.15%), Insect Feeler(2%), Red Herb(4%), Red Gemstone(0.5%), Iron Ore(4%), Female Thiefbug Card(0.07%);(World Map): mjolnir_06, mjolnir_09;
Thief Bug Green;(A);583;19;223;93;Medium;Insect;Shadow 1;76-88;29;36;1;16;5;0;15;5;Emveretarcon(0.4%), Insect Feeler(55%), Worm Peeling(15%), Slayer(3s)(0.1%), Yellow Herb(0.9%), Zircon(0.05%), Male Thiefbug Card(0.01%);Unknown;
Thief Bug Egg;(I);48;4;8;4;Small;Insect;Shadow 1;0;6;14;1;4;0;20;0;0;Phracon(3%), Chrysalis(50%), Guard(1s)(0.02%), Sticky Mucus(6%), Red Gemstone(1%), Black Ladle(0.1%), Iron Ore(3.5%), Thiefbug Egg Card(0.07%);(World Map): prt_fild01, prt_fild03, prt_fild06;
Thief Mushroom;(I);15;1;0;0;Small;Plant;Earth 1;0;0;0;0;0;0;0;100;99;Orange Net Mushroom(15%), Orange Gooey Mushroom (30%);Unknown;
Tirfing;(AS);29900;71;5412;4235;Medium;None;Shadow 3;950-1146;87;132;58;55;35;65;30;35;Old Hilt(0.01%), Silver Knife of Chastity(0.5%), Dirk(3s)(1%), Dagger(3s)(0.7%), Stiletto(3s)(0.4%), Steel(1.2%), Oridecon(1.89%);(World Map): glast_01;
Toad;(AM);4870;10;100;50;Medium;Amphibia;Water 1;26-32;5;10;1;10;1;13;4;6;Big Ribbon(0.5%), Honey(20%), Zircon(10%), Glass Bead(15%), Alcohol(1%), Roda Frog Card(0.05%);(World Map): cmd_fild03, gef_fild01;
Tri Joint;(AS);2300;32;386;220;Small;Insect;Earth 1;178-206;48;67;1;24;10;20;20;5;Cyfar(1%), Solid Shell(3.8%), Aloevera(2%), Green Live(1.6%), Star Dust(1.4%), Rough Elunium(1.06%);Unknown;
Turtle;;77;3;0;0;Small;Amphibia;Earth 1;1-2;0;0;0;0;0;0;35;0;Unknown;Unknown;
Turtle General;(ASB);455394;97;18202;9800;Large;Brute;Earth 2;2438-3479;45;105;100;55;65;164;50;54;Iron Driver(0.08%), War Axe(1s)(0.05%), Poll Axe(1s)(0.09%), Broken Shell(55%), Zargon(55%), Tribal Solidarity(0.01%);MVP: Turtle Shell(55%), Yggdrasilberry(15%), Old Purple Box(20%);Unknown;
Vadon;(D);1017;19;135;85;Small;Amphibia;Water 1;74-85;19;36;1;16;10;15;20;0;Crystal Blue(0.35%), Nipper(55%), Garlet(30%), Padded Armor(1s)(0.05%), Solid Shell(1%), Rough Elunium(0.34%), Blue Gemstone(0.5%), Vadon Card(0.01%);Unknown;
Vagabond Wolf;(AM);10200;24;225;160;Medium;Brute;Earth 1;135-159;45;50;1;48;1;24;30;8;Western Grace(2%), Wolf Claw(80%), Topaz(15%), Animal Skin(55%), Meat(80%), Meat(80%), Monster Juice(0.5%), Wolf Card(0.4%);(World Map): pay_fild02;
Verit;(L);5272;38;835;517;Medium;Undead;Undead 1;389-469;19;38;1;38;0;20;0;5;Immortal Heart(55%), Zargon(7%), Rotten Bandage(11%), White Herb(5.5%), Flower Ring(2%), Armlet of Obedience(0.2%), Verit Card(0.01%);Unknown;
Violy;(AS);18257;75;6353;3529;Medium;Demi-Human;Normal 2;738-982;93;101;1;54;85;83;37;36;Golden Hair(65%), Arc Wand(1s)(0.5%), Puppet(12%), Gold Ring(8%), Royal Jelly(14%);Unknown;
Vitata;(D);894;20;163;101;Small;Insect;Earth 1;69-80;20;40;1;25;65;70;15;20;Green Live(0.9%), Worm Peeling(50%), Scell(2%), Honey(3.5%), Honey(3.5%), Royal Jelly(2%), Rough Oridecon(0.26%), Vitata Card(0.01%);Unknown;
Vocal;(AM);2956;18;100;80;Medium;Insect;Earth 1;71-82;28;53;1;36;1;18;12;6;Romantic Gent(0.5%), Grasshopper's Leg(80%), Emerald(10%), Rocker Doll(15%), Zargon(55%), Banana Juice(30%), Rocker Card(0.6%);(World Map): cmd_fild01, prt_fild07;
Wander Man;(AS);8170;74;5786;4730;Medium;Evil Spirit;Wind 1;450-550;192;127;1;38;45;85;5;5;Skull(55%), Old Card Album(0.01%), Muramasa(0.01%), Romantic Leaf(0.05%), Yggdrasil Leaf(6.5%), Oridecon(2.17%);(World Map): pay_fild09;
Were Wolf;(ASB);28600;80;11813;7289;Large;None;Normal 2;2560-3280;97;135;1;60;1;52;65;35;Steel(5%), Blue Hair(40%), Oridecon(5%), Elunium(5%), Executioner's Mitten(8%), Emperium(3.8%), Gumoongoh(2s)(3%), Cobold Card(0.5%);MVP: Immaterial Sword(10%), Emperium(5%);Unknown;
Whisper;(A);1796;34;591;599;Small;Evil Spirit;Spiritual 3;180-221;51;60;1;14;0;0;0;45;Star Dust(1.5%), Fabric(55%), Heaven Ring(0.01%), Silver Robe(1s)(0.1%), Whisper Card(0.01%);(World Map): glast_01;
Whisper 2;(AS);1796;34;537;545;Small;Undead;Spiritual 1;198-239;51;60;1;14;0;0;0;45;Star Dust(0.1%), Fabric(1%), Silver Robe(1s)(0.01%);Unknown;
Whisper B;(AS);5040;34;537;545;Small;Evil Spirit;Spiritual 2;198-239;51;60;1;14;0;0;0;45;Star Dust(1.5%), Fabric(55%), Heaven Ring(0.01%), Silver Robe(1s)(0.1%), Whisper Card(0.01%);Unknown;
White Plant;(I);10;1;0;0;Small;Plant;Earth 1;0;0;0;0;0;0;0;100;99;White Herb(55%), Flower(10%), Deadly Noxious Herb(0.2%), Stem(30%), Pointed Scale(15%), Aloe Leaflet(0.5%), Hinalle(0.5%), Romantic Flower(0.02%);Unknown;
Wild Rose;(L);2980;38;1113;688;Small;Brute;Wind 1;315-360;85;65;65;15;35;80;0;15;Cyfar(60%), Arrow of Shadow(30%), Rotten Fish(0.35%), Monster's Feed(6%), Big Ribbon(0.02%);Unknown;
Wilow;;95;4;5;4;Medium;Plant;Earth 1;9-12;4;9;1;8;30;10;5;15;Tree Root(65%), Trunk(1%), Red Herb(6%), Sweet Potato(7%), Barren Trunk(35%), Solid Trunk(20%), Fine-grained Trunk(10%), Willow Card(0.07%);(World Map): mjolnir_09, moc_fild03, moc_fild04, moc_fild05, pay_fild01, pay_fild02, pay_fild03, pay_fild06, prt_fild10;
Wind Ghost;(AS);4820;51;2118;1488;Medium;Evil Spirit;Wind 3;489-639;89;85;1;15;90;25;0;45;Zargon(50%), Skel-Bone(60%), Skull(5%), Arc Wand(2s)(0.08%), Rough Wind(1%), Bone Wand(0.01%);Unknown;
Windstorm Knight;(ASB);240000;77;64350;21450;Large;None;Wind 4;1425-1585;185;130;75;83;55;79;35;60;Zephyrus(1.5%), Old Blue Box(30%), Old Purple Box(40%), Unknown(2%), Manteau(1s)(5%), Elunium(47%), Oridecon(35%);MVP: Aquamarine(45%), Boots(5%), Mystic Frozen(30%);Unknown;
Wolf;(ST);405;12;45;32;Medium;Brute;Earth 1;37-46;12;30;1;24;15;20;0;0;Emveretarcon(0.2%), Wolf Claw(55%), Mantle(1s)(0.1%), Meat(6.5%), Monster's Feed(10.5%), Animal Skin(55%), Wolf Card(0.05%);Unknown;
Worm Tail;(D);426;14;59;40;Medium;Plant;Earth 1;42-51;14;46;1;28;5;5;5;0;Green Live(0.6%), Emveretarcon(0.25%), Pointed Scale(55%), Pike(4s)(0.3%), Yellow Herb(0.7%), Emerald(0.05%), Green Lace(0.1%), Wormtail Card(0.05%);(World Map): mjolnir_09, pay_fild03, pay_fild11;
Wraith;(AS);10999;53;2199;1099;Large;Undead;Undead 4;580-760;95;78;1;30;75;35;5;30;Fabric(65%), Wedding Veil(0.1%), Manteau(1s)(0.02%), Red Gemstone(6.5%), Butterfly Wing(13%);Unknown;
Yellow Plant;(I);10;1;0;0;Small;Plant;Earth 1;0;0;0;0;0;0;0;100;99;Yellow Herb(55%), Flower(10%), Shoot(10%), Stem(5%), Pointed Scale(3%), Singing Plant(0.05%), Fluff(5%), Romantic Flower(0.02%);(World Map): moc_fild01, moc_fild02, moc_fild04, moc_fild05, moc_fild06, moc_fild07, moc_fild09, moc_fild10, moc_fild12, moc_fild13, moc_fild14, moc_fild15, moc_fild17, moc_fild18, prt_fild09;
Yoyo;(SL);879;19;148;93;Small;Brute;Earth 1;71-82;24;32;1;30;35;55;0;0;Yoyo Tail(55%), Banana(15%), Yellow Herb(1%), Animal Skin(50%), Yoyo Doll(0.05%), Rough Oridecon(0.24%), Yoyo Card(0.01%);(World Map): gef_fild02, gef_fild10, mjolnir_08, prt_fild03, prt_fild11;
Zenorc;(L);2585;31;967;407;Medium;Demi-Human;Shadow 1;188-223;77;76;1;15;0;10;0;15;Zenorc's Fang(55%), Rough Oridecon(0.7%), Sticky Mucus(25%), Old Magicbook(0.05%), Yellow potion(0.5%), Shining Stone(0.2%), Zenorc Card(0.01%);Unknown;
Zerom;(AS);1109;23;240;149;Medium;Demi-Human;Fire 1;127-155;23;42;1;23;5;0;0;10;Emveretarcon(0.55%), Iron(1.9%), Pantie(2%), Gangster Mask(0.03%), Ball'n'Chain(0.1%), Iron Ore(4%), Iron Ore(4%), Zerom Card(0.01%);Unknown;
Zherlthsh;(AM);18300;63;3608;2304;Medium;Demi-Human;Normal 3;700-850;85;125;70;40;30;60;10;15;Executioner's Mitten(0.05%), White Potion(8%), Earring(1s)(0.01%), Oridecon(1.34%);Unknown;
Zombie;(AS);534;15;50;33;Medium;Undead;Undead 1;67-79;8;15;1;7;0;0;0;10;Decayed Nail(55%), Cursed Ruby(0.05%), Sticky Mucus(10%), Horrendous Mouth(0.5%), Opal(0.55%), Zombie Card(0.01%);Unknown;
Zombie Dragon;(AS);??;1;49500;1650;Large;Dragon;Undead 4;7900-9140;145;130;120;145;145;120;0;0;Unknown;Unknown;
Zombie Master;(ASM);13917;62;7610;2826;Medium;Undead;Undead 1;824-1084;20;77;25;30;5;35;37;26;Tattered Clothes(45.5%), Sticky Mucus(15%), Horrendous Mouth(15%), Cursed Ruby(2%), Opal(1%), Shaprpened Legbone of Ghoul(0.01%), Scapulare(1s)(0.02%), Belt(1s)(0.02%);Unknown;
Zombie Prisoner;(A);11280;53;2635;1724;Medium;Undead;Undead 3;780-930;24;72;1;39;0;25;10;20;Worn-out Prison Uniform(35%), Spoon Stub(1.05%), Iron Cain(0.01%), Red Gemstone(6%), Rotten Bandage(35%), Ball'n'Chain(0.39%), Elunium(1.12%);Unknown;
